time,analysed_sst,EBUS,Subregion,time_str,analysed_sst_mean,analysed_sst_detrended
2002-06-01,23.334143,Iberian-Canary,Equatorward,06,24.161823,-0.8276806
2002-09-01,25.643255,Iberian-Canary,Equatorward,09,26.152746,-0.50949097
2002-12-01,20.45236,Iberian-Canary,Equatorward,12,20.998272,-0.5459118
2003-03-01,19.530416,Iberian-Canary,Equatorward,03,19.975168,-0.44475174
2003-06-01,24.057726,Iberian-Canary,Equatorward,06,24.161823,-0.10409737
2003-09-01,26.1476,Iberian-Canary,Equatorward,09,26.152746,-0.0051460266
2003-12-01,21.33888,Iberian-Canary,Equatorward,12,20.998272,0.3406086
2004-03-01,19.70701,Iberian-Canary,Equatorward,03,19.975168,-0.26815796
2004-06-01,24.095003,Iberian-Canary,Equatorward,06,24.161823,-0.066820145
2004-09-01,26.140171,Iberian-Canary,Equatorward,09,26.152746,-0.01257515
2004-12-01,20.870907,Iberian-Canary,Equatorward,12,20.998272,-0.12736511
2005-03-01,20.649763,Iberian-Canary,Equatorward,03,19.975168,0.6745949
2005-06-01,25.39122,Iberian-Canary,Equatorward,06,24.161823,1.2293968
2005-09-01,26.660263,Iberian-Canary,Equatorward,09,26.152746,0.50751686
2005-12-01,21.484627,Iberian-Canary,Equatorward,12,20.998272,0.48635483
2006-03-01,19.976511,Iberian-Canary,Equatorward,03,19.975168,0.0013427734
2006-06-01,24.40223,Iberian-Canary,Equatorward,06,24.161823,0.24040604
2006-09-01,26.851658,Iberian-Canary,Equatorward,09,26.152746,0.69891167
2006-12-01,21.075382,Iberian-Canary,Equatorward,12,20.998272,0.07711029
2007-03-01,19.902431,Iberian-Canary,Equatorward,03,19.975168,-0.07273674
2007-06-01,22.938416,Iberian-Canary,Equatorward,06,24.161823,-1.2234077
2007-09-01,25.337976,Iberian-Canary,Equatorward,09,26.152746,-0.81476974
2007-12-01,20.98123,Iberian-Canary,Equatorward,12,20.998272,-0.01704216
2008-03-01,20.660387,Iberian-Canary,Equatorward,03,19.975168,0.6852188
2008-06-01,24.583693,Iberian-Canary,Equatorward,06,24.161823,0.42186928
2008-09-01,25.608103,Iberian-Canary,Equatorward,09,26.152746,-0.5446434
2008-12-01,19.810947,Iberian-Canary,Equatorward,12,20.998272,-1.1873245
2009-03-01,19.321768,Iberian-Canary,Equatorward,03,19.975168,-0.6534004
2009-06-01,24.431679,Iberian-Canary,Equatorward,06,24.161823,0.2698555
2009-09-01,26.5954,Iberian-Canary,Equatorward,09,26.152746,0.44265366
2009-12-01,22.351374,Iberian-Canary,Equatorward,12,20.998272,1.3531017
2010-03-01,21.109709,Iberian-Canary,Equatorward,03,19.975168,1.1345406
2010-06-01,25.007368,Iberian-Canary,Equatorward,06,24.161823,0.8455448
2010-09-01,27.01766,Iberian-Canary,Equatorward,09,26.152746,0.86491394
2010-12-01,22.638712,Iberian-Canary,Equatorward,12,20.998272,1.64044
2011-03-01,20.195131,Iberian-Canary,Equatorward,03,19.975168,0.21996307
2011-06-01,24.248014,Iberian-Canary,Equatorward,06,24.161823,0.08619118
2011-09-01,25.865843,Iberian-Canary,Equatorward,09,26.152746,-0.28690338
2011-12-01,20.36021,Iberian-Canary,Equatorward,12,20.998272,-0.6380615
2012-03-01,19.525356,Iberian-Canary,Equatorward,03,19.975168,-0.44981194
2012-06-01,24.200369,Iberian-Canary,Equatorward,06,24.161823,0.03854561
2012-09-01,26.482986,Iberian-Canary,Equatorward,09,26.152746,0.33024025
2012-12-01,20.549988,Iberian-Canary,Equatorward,12,20.998272,-0.44828415
2013-03-01,20.534151,Iberian-Canary,Equatorward,03,19.975168,0.55898285
2013-06-01,24.348837,Iberian-Canary,Equatorward,06,24.161823,0.18701363
2013-09-01,26.267916,Iberian-Canary,Equatorward,09,26.152746,0.115169525
2013-12-01,20.204504,Iberian-Canary,Equatorward,12,20.998272,-0.7937679
2014-03-01,19.48296,Iberian-Canary,Equatorward,03,19.975168,-0.49220848
2014-06-01,23.796835,Iberian-Canary,Equatorward,06,24.161823,-0.36498833
2014-09-01,25.900438,Iberian-Canary,Equatorward,09,26.152746,-0.2523079
2014-12-01,20.071905,Iberian-Canary,Equatorward,12,20.998272,-0.9263668
2015-03-01,19.429798,Iberian-Canary,Equatorward,03,19.975168,-0.5453701
2015-06-01,24.537996,Iberian-Canary,Equatorward,06,24.161823,0.37617302
2015-09-01,26.535255,Iberian-Canary,Equatorward,09,26.152746,0.38250923
2015-12-01,21.961899,Iberian-Canary,Equatorward,12,20.998272,0.96362686
2016-03-01,19.5013,Iberian-Canary,Equatorward,03,19.975168,-0.47386742
2016-06-01,23.629345,Iberian-Canary,Equatorward,06,24.161823,-0.53247833
2016-09-01,26.067852,Iberian-Canary,Equatorward,09,26.152746,-0.08489418
2016-12-01,20.834654,Iberian-Canary,Equatorward,12,20.998272,-0.16361809
2017-03-01,20.235752,Iberian-Canary,Equatorward,03,19.975168,0.26058388
2017-06-01,24.770481,Iberian-Canary,Equatorward,06,24.161823,0.60865784
2017-09-01,26.211859,Iberian-Canary,Equatorward,09,26.152746,0.05911255
2017-12-01,20.044542,Iberian-Canary,Equatorward,12,20.998272,-0.9537296
2018-03-01,19.40524,Iberian-Canary,Equatorward,03,19.975168,-0.5699291
2018-06-01,23.351221,Iberian-Canary,Equatorward,06,24.161823,-0.8106022
2018-09-01,24.931654,Iberian-Canary,Equatorward,09,26.152746,-1.2210922
2018-12-01,20.70086,Iberian-Canary,Equatorward,12,20.998272,-0.29741287
2019-03-01,20.102783,Iberian-Canary,Equatorward,03,19.975168,0.12761497
2019-06-01,23.119661,Iberian-Canary,Equatorward,06,24.161823,-1.042162
2019-09-01,25.765646,Iberian-Canary,Equatorward,09,26.152746,-0.38710022
2019-12-01,21.118975,Iberian-Canary,Equatorward,12,20.998272,0.12070274
2020-03-01,20.753057,Iberian-Canary,Equatorward,03,19.975168,0.77788925
2020-06-01,24.90271,Iberian-Canary,Equatorward,06,24.161823,0.7408867
2020-09-01,26.965523,Iberian-Canary,Equatorward,09,26.152746,0.81277657
2020-12-01,21.312248,Iberian-Canary,Equatorward,12,20.998272,0.3139763
2021-03-01,19.657047,Iberian-Canary,Equatorward,03,19.975168,-0.31812096
2021-06-01,24.08952,Iberian-Canary,Equatorward,06,24.161823,-0.07230377
2021-09-01,26.057854,Iberian-Canary,Equatorward,09,26.152746,-0.0948925
2021-12-01,21.801247,Iberian-Canary,Equatorward,12,20.998272,0.8029747
2022-03-01,19.822786,Iberian-Canary,Equatorward,03,19.975168,-0.1523819
2002-06-01,20.01415,Iberian-Canary,Central,06,21.081196,-1.0670452
2002-09-01,22.010065,Iberian-Canary,Central,09,22.132263,-0.122198105
2002-12-01,19.254019,Iberian-Canary,Central,12,19.019989,0.23402977
2003-03-01,19.057343,Iberian-Canary,Central,03,18.889645,0.1676979
2003-06-01,21.216597,Iberian-Canary,Central,06,21.081196,0.13540077
2003-09-01,22.154076,Iberian-Canary,Central,09,22.132263,0.021812439
2003-12-01,19.311817,Iberian-Canary,Central,12,19.019989,0.29182816
2004-03-01,18.953718,Iberian-Canary,Central,03,18.889645,0.06407356
2004-06-01,21.464214,Iberian-Canary,Central,06,21.081196,0.3830185
2004-09-01,22.35897,Iberian-Canary,Central,09,22.132263,0.22670746
2004-12-01,18.621012,Iberian-Canary,Central,12,19.019989,-0.39897728
2005-03-01,18.965181,Iberian-Canary,Central,03,18.889645,0.07553673
2005-06-01,21.2835,Iberian-Canary,Central,06,21.081196,0.20230484
2005-09-01,22.188925,Iberian-Canary,Central,09,22.132263,0.056661606
2005-12-01,19.060654,Iberian-Canary,Central,12,19.019989,0.040664673
2006-03-01,18.88416,Iberian-Canary,Central,03,18.889645,-0.0054855347
2006-06-01,21.471846,Iberian-Canary,Central,06,21.081196,0.3906498
2006-09-01,22.892673,Iberian-Canary,Central,09,22.132263,0.7604103
2006-12-01,19.111181,Iberian-Canary,Central,12,19.019989,0.091192245
2007-03-01,18.60502,Iberian-Canary,Central,03,18.889645,-0.2846241
2007-06-01,20.85609,Iberian-Canary,Central,06,21.081196,-0.22510529
2007-09-01,21.843948,Iberian-Canary,Central,09,22.132263,-0.28831482
2007-12-01,19.174875,Iberian-Canary,Central,12,19.019989,0.15488625
2008-03-01,19.153814,Iberian-Canary,Central,03,18.889645,0.2641697
2008-06-01,20.991283,Iberian-Canary,Central,06,21.081196,-0.089912415
2008-09-01,21.260231,Iberian-Canary,Central,09,22.132263,-0.87203217
2008-12-01,18.166555,Iberian-Canary,Central,12,19.019989,-0.8534336
2009-03-01,18.399221,Iberian-Canary,Central,03,18.889645,-0.4904232
2009-06-01,21.61923,Iberian-Canary,Central,06,21.081196,0.53803444
2009-09-01,22.411137,Iberian-Canary,Central,09,22.132263,0.27887344
2009-12-01,20.293997,Iberian-Canary,Central,12,19.019989,1.2740078
2010-03-01,19.864178,Iberian-Canary,Central,03,18.889645,0.9745331
2010-06-01,21.312365,Iberian-Canary,Central,06,21.081196,0.23116875
2010-09-01,22.552298,Iberian-Canary,Central,09,22.132263,0.4200344
2010-12-01,20.234974,Iberian-Canary,Central,12,19.019989,1.2149849
2011-03-01,19.447863,Iberian-Canary,Central,03,18.889645,0.558218
2011-06-01,21.30343,Iberian-Canary,Central,06,21.081196,0.22223473
2011-09-01,21.858665,Iberian-Canary,Central,09,22.132263,-0.27359772
2011-12-01,18.365864,Iberian-Canary,Central,12,19.019989,-0.6541252
2012-03-01,18.34406,Iberian-Canary,Central,03,18.889645,-0.5455837
2012-06-01,20.797216,Iberian-Canary,Central,06,21.081196,-0.28397942
2012-09-01,22.833097,Iberian-Canary,Central,09,22.132263,0.7008343
2012-12-01,18.922506,Iberian-Canary,Central,12,19.019989,-0.09748268
2013-03-01,19.263601,Iberian-Canary,Central,03,18.889645,0.37395668
2013-06-01,20.881716,Iberian-Canary,Central,06,21.081196,-0.19948006
2013-09-01,22.139648,Iberian-Canary,Central,09,22.132263,0.007385254
2013-12-01,18.488377,Iberian-Canary,Central,12,19.019989,-0.5316124
2014-03-01,18.359621,Iberian-Canary,Central,03,18.889645,-0.5300236
2014-06-01,20.801094,Iberian-Canary,Central,06,21.081196,-0.28010178
2014-09-01,22.59406,Iberian-Canary,Central,09,22.132263,0.4617977
2014-12-01,18.27732,Iberian-Canary,Central,12,19.019989,-0.74266815
2015-03-01,18.02401,Iberian-Canary,Central,03,18.889645,-0.8656349
2015-06-01,21.107395,Iberian-Canary,Central,06,21.081196,0.02619934
2015-09-01,22.691664,Iberian-Canary,Central,09,22.132263,0.55940056
2015-12-01,19.449713,Iberian-Canary,Central,12,19.019989,0.42972374
2016-03-01,18.595905,Iberian-Canary,Central,03,18.889645,-0.29373932
2016-06-01,21.079678,Iberian-Canary,Central,06,21.081196,-0.0015182495
2016-09-01,21.791319,Iberian-Canary,Central,09,22.132263,-0.3409443
2016-12-01,19.080166,Iberian-Canary,Central,12,19.019989,0.06017685
2017-03-01,19.428097,Iberian-Canary,Central,03,18.889645,0.53845215
2017-06-01,21.573229,Iberian-Canary,Central,06,21.081196,0.492033
2017-09-01,22.025255,Iberian-Canary,Central,09,22.132263,-0.10700798
2017-12-01,18.409704,Iberian-Canary,Central,12,19.019989,-0.6102848
2018-03-01,18.378496,Iberian-Canary,Central,03,18.889645,-0.51114845
2018-06-01,20.530157,Iberian-Canary,Central,06,21.081196,-0.55103874
2018-09-01,21.962137,Iberian-Canary,Central,09,22.132263,-0.17012596
2018-12-01,18.99646,Iberian-Canary,Central,12,19.019989,-0.023529053
2019-03-01,18.820538,Iberian-Canary,Central,03,18.889645,-0.069107056
2019-06-01,20.992395,Iberian-Canary,Central,06,21.081196,-0.08880043
2019-09-01,21.343056,Iberian-Canary,Central,09,22.132263,-0.78920746
2019-12-01,18.781458,Iberian-Canary,Central,12,19.019989,-0.23853111
2020-03-01,19.353006,Iberian-Canary,Central,03,18.889645,0.46336174
2020-06-01,21.54972,Iberian-Canary,Central,06,21.081196,0.46852493
2020-09-01,21.904572,Iberian-Canary,Central,09,22.132263,-0.22769165
2020-12-01,19.243296,Iberian-Canary,Central,12,19.019989,0.22330666
2021-03-01,19.07436,Iberian-Canary,Central,03,18.889645,0.18471527
2021-06-01,20.778612,Iberian-Canary,Central,06,21.081196,-0.3025837
2021-09-01,21.829454,Iberian-Canary,Central,09,22.132263,-0.30280876
2021-12-01,19.155815,Iberian-Canary,Central,12,19.019989,0.13582611
2022-03-01,18.820686,Iberian-Canary,Central,03,18.889645,-0.06895828
2002-06-01,17.795532,Iberian-Canary,Poleward,06,19.054375,-1.2588425
2002-09-01,18.830807,Iberian-Canary,Poleward,09,18.86886,-0.038053513
2002-12-01,14.7326145,Iberian-Canary,Poleward,12,14.914212,-0.18159771
2003-03-01,15.121002,Iberian-Canary,Poleward,03,15.007624,0.113378525
2003-06-01,19.679958,Iberian-Canary,Poleward,06,19.054375,0.62558365
2003-09-01,18.8461,Iberian-Canary,Poleward,09,18.86886,-0.022760391
2003-12-01,14.8217535,Iberian-Canary,Poleward,12,14.914212,-0.092458725
2004-03-01,14.8204155,Iberian-Canary,Poleward,03,15.007624,-0.18720818
2004-06-01,20.05276,Iberian-Canary,Poleward,06,19.054375,0.9983845
2004-09-01,18.67238,Iberian-Canary,Poleward,09,18.86886,-0.1964798
2004-12-01,14.519337,Iberian-Canary,Poleward,12,14.914212,-0.39487553
2005-03-01,15.077457,Iberian-Canary,Poleward,03,15.007624,0.069833755
2005-06-01,19.387228,Iberian-Canary,Poleward,06,19.054375,0.33285332
2005-09-01,18.834303,Iberian-Canary,Poleward,09,18.86886,-0.034557343
2005-12-01,14.641688,Iberian-Canary,Poleward,12,14.914212,-0.27252388
2006-03-01,15.035571,Iberian-Canary,Poleward,03,15.007624,0.027947426
2006-06-01,19.584951,Iberian-Canary,Poleward,06,19.054375,0.5305767
2006-09-01,19.626898,Iberian-Canary,Poleward,09,18.86886,0.75803757
2006-12-01,15.355284,Iberian-Canary,Poleward,12,14.914212,0.4410715
2007-03-01,14.949255,Iberian-Canary,Poleward,03,15.007624,-0.058368683
2007-06-01,18.6967,Iberian-Canary,Poleward,06,19.054375,-0.35767555
2007-09-01,18.439375,Iberian-Canary,Poleward,09,18.86886,-0.42948532
2007-12-01,15.314478,Iberian-Canary,Poleward,12,14.914212,0.4002657
2008-03-01,15.362302,Iberian-Canary,Poleward,03,15.007624,0.35467815
2008-06-01,19.203598,Iberian-Canary,Poleward,06,19.054375,0.14922333
2008-09-01,18.335041,Iberian-Canary,Poleward,09,18.86886,-0.5338192
2008-12-01,13.9252,Iberian-Canary,Poleward,12,14.914212,-0.98901176
2009-03-01,14.587988,Iberian-Canary,Poleward,03,15.007624,-0.41963577
2009-06-01,19.274467,Iberian-Canary,Poleward,06,19.054375,0.22009277
2009-09-01,18.953905,Iberian-Canary,Poleward,09,18.86886,0.08504486
2009-12-01,14.934113,Iberian-Canary,Poleward,12,14.914212,0.019900322
2010-03-01,15.323254,Iberian-Canary,Poleward,03,15.007624,0.31562996
2010-06-01,18.79369,Iberian-Canary,Poleward,06,19.054375,-0.26068497
2010-09-01,18.845741,Iberian-Canary,Poleward,09,18.86886,-0.023118973
2010-12-01,15.003572,Iberian-Canary,Poleward,12,14.914212,0.08936024
2011-03-01,15.699082,Iberian-Canary,Poleward,03,15.007624,0.6914587
2011-06-01,18.789915,Iberian-Canary,Poleward,06,19.054375,-0.2644596
2011-09-01,19.06859,Iberian-Canary,Poleward,09,18.86886,0.19972992
2011-12-01,15.168634,Iberian-Canary,Poleward,12,14.914212,0.2544222
2012-03-01,14.871004,Iberian-Canary,Poleward,03,15.007624,-0.13661957
2012-06-01,19.337307,Iberian-Canary,Poleward,06,19.054375,0.28293228
2012-09-01,19.08426,Iberian-Canary,Poleward,09,18.86886,0.2154007
2012-12-01,14.723812,Iberian-Canary,Poleward,12,14.914212,-0.19040012
2013-03-01,14.362407,Iberian-Canary,Poleward,03,15.007624,-0.64521694
2013-06-01,18.242378,Iberian-Canary,Poleward,06,19.054375,-0.81199646
2013-09-01,18.783104,Iberian-Canary,Poleward,09,18.86886,-0.0857563
2013-12-01,14.623753,Iberian-Canary,Poleward,12,14.914212,-0.29045963
2014-03-01,14.926551,Iberian-Canary,Poleward,03,15.007624,-0.08107281
2014-06-01,19.124481,Iberian-Canary,Poleward,06,19.054375,0.07010651
2014-09-01,19.883863,Iberian-Canary,Poleward,09,18.86886,1.0150032
2014-12-01,14.63222,Iberian-Canary,Poleward,12,14.914212,-0.28199196
2015-03-01,14.711775,Iberian-Canary,Poleward,03,15.007624,-0.29584885
2015-06-01,19.09738,Iberian-Canary,Poleward,06,19.054375,0.04300499
2015-09-01,18.778425,Iberian-Canary,Poleward,09,18.86886,-0.09043503
2015-12-01,15.545682,Iberian-Canary,Poleward,12,14.914212,0.6314697
2016-03-01,14.454818,Iberian-Canary,Poleward,03,15.007624,-0.5528059
2016-06-01,18.913912,Iberian-Canary,Poleward,06,19.054375,-0.14046288
2016-09-01,18.790104,Iberian-Canary,Poleward,09,18.86886,-0.07875633
2016-12-01,15.249147,Iberian-Canary,Poleward,12,14.914212,0.3349352
2017-03-01,15.41783,Iberian-Canary,Poleward,03,15.007624,0.4102068
2017-06-01,19.39875,Iberian-Canary,Poleward,06,19.054375,0.3443756
2017-09-01,18.81276,Iberian-Canary,Poleward,09,18.86886,-0.056100845
2017-12-01,14.920068,Iberian-Canary,Poleward,12,14.914212,0.0058555603
2018-03-01,14.153632,Iberian-Canary,Poleward,03,15.007624,-0.8539915
2018-06-01,18.86554,Iberian-Canary,Poleward,06,19.054375,-0.18883514
2018-09-01,18.229364,Iberian-Canary,Poleward,09,18.86886,-0.63949585
2018-12-01,14.9280405,Iberian-Canary,Poleward,12,14.914212,0.013828278
2019-03-01,15.067256,Iberian-Canary,Poleward,03,15.007624,0.0596323
2019-06-01,18.913815,Iberian-Canary,Poleward,06,19.054375,-0.14056015
2019-09-01,18.439743,Iberian-Canary,Poleward,09,18.86886,-0.4291172
2019-12-01,15.136427,Iberian-Canary,Poleward,12,14.914212,0.2222147
2020-03-01,15.523349,Iberian-Canary,Poleward,03,15.007624,0.51572514
2020-06-01,19.268469,Iberian-Canary,Poleward,06,19.054375,0.21409416
2020-09-01,18.737148,Iberian-Canary,Poleward,09,18.86886,-0.13171196
2020-12-01,14.816016,Iberian-Canary,Poleward,12,14.914212,-0.09819603
2021-03-01,15.405032,Iberian-Canary,Poleward,03,15.007624,0.3974085
2021-06-01,18.666681,Iberian-Canary,Poleward,06,19.054375,-0.3876934
2021-09-01,19.385284,Iberian-Canary,Poleward,09,18.86886,0.5164242
2021-12-01,15.292398,Iberian-Canary,Poleward,12,14.914212,0.37818623
2022-03-01,15.282501,Iberian-Canary,Poleward,03,15.007624,0.27487755
2002-06-01,15.600019,Benguela,Poleward,06,15.911085,-0.31106567
2002-09-01,16.510464,Benguela,Poleward,09,16.570774,-0.060310364
2002-12-01,19.498621,Benguela,Poleward,12,19.338749,0.15987206
2003-03-01,18.785868,Benguela,Poleward,03,18.185076,0.60079193
2003-06-01,15.640746,Benguela,Poleward,06,15.911085,-0.270339
2003-09-01,17.072924,Benguela,Poleward,09,16.570774,0.5021496
2003-12-01,18.726576,Benguela,Poleward,12,19.338749,-0.6121731
2004-03-01,17.66479,Benguela,Poleward,03,18.185076,-0.52028656
2004-06-01,15.932518,Benguela,Poleward,06,15.911085,0.021432877
2004-09-01,17.197937,Benguela,Poleward,09,16.570774,0.62716293
2004-12-01,20.056274,Benguela,Poleward,12,19.338749,0.7175255
2005-03-01,18.430874,Benguela,Poleward,03,18.185076,0.24579811
2005-06-01,16.203417,Benguela,Poleward,06,15.911085,0.2923317
2005-09-01,16.244585,Benguela,Poleward,09,16.570774,-0.32618904
2005-12-01,18.679714,Benguela,Poleward,12,19.338749,-0.6590347
2006-03-01,17.554941,Benguela,Poleward,03,18.185076,-0.6301346
2006-06-01,15.461481,Benguela,Poleward,06,15.911085,-0.44960403
2006-09-01,16.48954,Benguela,Poleward,09,16.570774,-0.08123398
2006-12-01,19.781534,Benguela,Poleward,12,19.338749,0.44278526
2007-03-01,18.772404,Benguela,Poleward,03,18.185076,0.58732796
2007-06-01,16.227592,Benguela,Poleward,06,15.911085,0.31650734
2007-09-01,16.733772,Benguela,Poleward,09,16.570774,0.1629982
2007-12-01,18.757124,Benguela,Poleward,12,19.338749,-0.581625
2008-03-01,17.938469,Benguela,Poleward,03,18.185076,-0.24660683
2008-06-01,16.03134,Benguela,Poleward,06,15.911085,0.12025452
2008-09-01,16.263803,Benguela,Poleward,09,16.570774,-0.3069706
2008-12-01,19.292032,Benguela,Poleward,12,19.338749,-0.04671669
2009-03-01,18.208298,Benguela,Poleward,03,18.185076,0.02322197
2009-06-01,16.279358,Benguela,Poleward,06,15.911085,0.36827278
2009-09-01,16.938574,Benguela,Poleward,09,16.570774,0.36779976
2009-12-01,19.367855,Benguela,Poleward,12,19.338749,0.02910614
2010-03-01,17.97873,Benguela,Poleward,03,18.185076,-0.20634651
2010-06-01,15.229702,Benguela,Poleward,06,15.911085,-0.68138313
2010-09-01,16.552975,Benguela,Poleward,09,16.570774,-0.017799377
2010-12-01,18.80392,Benguela,Poleward,12,19.338749,-0.5348282
2011-03-01,18.012405,Benguela,Poleward,03,18.185076,-0.17267036
2011-06-01,15.557903,Benguela,Poleward,06,15.911085,-0.35318184
2011-09-01,16.411528,Benguela,Poleward,09,16.570774,-0.15924644
2011-12-01,19.645128,Benguela,Poleward,12,19.338749,0.30637932
2012-03-01,18.230127,Benguela,Poleward,03,18.185076,0.045051575
2012-06-01,15.629224,Benguela,Poleward,06,15.911085,-0.2818613
2012-09-01,16.185125,Benguela,Poleward,09,16.570774,-0.38564873
2012-12-01,19.06229,Benguela,Poleward,12,19.338749,-0.27645874
2013-03-01,18.334852,Benguela,Poleward,03,18.185076,0.14977646
2013-06-01,15.947853,Benguela,Poleward,06,15.911085,0.03676796
2013-09-01,16.326138,Benguela,Poleward,09,16.570774,-0.24463654
2013-12-01,19.627806,Benguela,Poleward,12,19.338749,0.28905678
2014-03-01,18.191862,Benguela,Poleward,03,18.185076,0.0067863464
2014-06-01,16.38486,Benguela,Poleward,06,15.911085,0.47377396
2014-09-01,16.636372,Benguela,Poleward,09,16.570774,0.065597534
2014-12-01,19.441868,Benguela,Poleward,12,19.338749,0.1031189
2015-03-01,17.814386,Benguela,Poleward,03,18.185076,-0.3706894
2015-06-01,14.89762,Benguela,Poleward,06,15.911085,-1.0134649
2015-09-01,16.201376,Benguela,Poleward,09,16.570774,-0.36939812
2015-12-01,20.26248,Benguela,Poleward,12,19.338749,0.92373085
2016-03-01,18.189869,Benguela,Poleward,03,18.185076,0.004793167
2016-06-01,15.978625,Benguela,Poleward,06,15.911085,0.06754017
2016-09-01,16.379751,Benguela,Poleward,09,16.570774,-0.19102287
2016-12-01,19.1429,Benguela,Poleward,12,19.338749,-0.19584846
2017-03-01,18.1611,Benguela,Poleward,03,18.185076,-0.023975372
2017-06-01,15.730639,Benguela,Poleward,06,15.911085,-0.18044567
2017-09-01,16.362932,Benguela,Poleward,09,16.570774,-0.20784187
2017-12-01,18.86701,Benguela,Poleward,12,19.338749,-0.47173882
2018-03-01,18.38449,Benguela,Poleward,03,18.185076,0.1994133
2018-06-01,16.091974,Benguela,Poleward,06,15.911085,0.18088913
2018-09-01,16.280987,Benguela,Poleward,09,16.570774,-0.2897873
2018-12-01,19.641714,Benguela,Poleward,12,19.338749,0.30296516
2019-03-01,18.011425,Benguela,Poleward,03,18.185076,-0.17365074
2019-06-01,16.101969,Benguela,Poleward,06,15.911085,0.19088364
2019-09-01,17.380339,Benguela,Poleward,09,16.570774,0.8095646
2019-12-01,19.426146,Benguela,Poleward,12,19.338749,0.08739662
2020-03-01,18.513136,Benguela,Poleward,03,18.185076,0.32806015
2020-06-01,17.074358,Benguela,Poleward,06,15.911085,1.1632729
2020-09-01,16.514448,Benguela,Poleward,09,16.570774,-0.056325912
2020-12-01,19.263119,Benguela,Poleward,12,19.338749,-0.07563019
2021-03-01,18.772572,Benguela,Poleward,03,18.185076,0.5874958
2021-06-01,16.22051,Benguela,Poleward,06,15.911085,0.30942535
2021-09-01,16.731932,Benguela,Poleward,09,16.570774,0.16115761
2021-12-01,19.430874,Benguela,Poleward,12,19.338749,0.09212494
2022-03-01,17.750917,Benguela,Poleward,03,18.185076,-0.43415833
2002-06-01,15.032666,Benguela,Central,06,15.507049,-0.4743824
2002-09-01,15.4207325,Benguela,Central,09,15.7251835,-0.304451
2002-12-01,18.465015,Benguela,Central,12,18.801538,-0.33652306
2003-03-01,17.764273,Benguela,Central,03,17.970991,-0.20671844
2003-06-01,14.853384,Benguela,Central,06,15.507049,-0.6536646
2003-09-01,15.934938,Benguela,Central,09,15.7251835,0.20975494
2003-12-01,18.070574,Benguela,Central,12,18.801538,-0.73096466
2004-03-01,17.246927,Benguela,Central,03,17.970991,-0.7240639
2004-06-01,15.42445,Benguela,Central,06,15.507049,-0.082598686
2004-09-01,16.010752,Benguela,Central,09,15.7251835,0.28556824
2004-12-01,18.960657,Benguela,Central,12,18.801538,0.15911865
2005-03-01,17.776716,Benguela,Central,03,17.970991,-0.1942749
2005-06-01,15.648533,Benguela,Central,06,15.507049,0.14148426
2005-09-01,15.945936,Benguela,Central,09,15.7251835,0.22075272
2005-12-01,18.365969,Benguela,Central,12,18.801538,-0.43556976
2006-03-01,17.639818,Benguela,Central,03,17.970991,-0.33117294
2006-06-01,15.647016,Benguela,Central,06,15.507049,0.13996696
2006-09-01,15.629101,Benguela,Central,09,15.7251835,-0.09608269
2006-12-01,18.404575,Benguela,Central,12,18.801538,-0.39696312
2007-03-01,17.855818,Benguela,Central,03,17.970991,-0.11517334
2007-06-01,15.488697,Benguela,Central,06,15.507049,-0.018351555
2007-09-01,15.706036,Benguela,Central,09,15.7251835,-0.019147873
2007-12-01,18.646912,Benguela,Central,12,18.801538,-0.15462685
2008-03-01,17.913033,Benguela,Central,03,17.970991,-0.057958603
2008-06-01,15.827888,Benguela,Central,06,15.507049,0.32083893
2008-09-01,15.605784,Benguela,Central,09,15.7251835,-0.11939907
2008-12-01,18.993599,Benguela,Central,12,18.801538,0.19206047
2009-03-01,18.44107,Benguela,Central,03,17.970991,0.47007942
2009-06-01,15.975405,Benguela,Central,06,15.507049,0.46835613
2009-09-01,15.880182,Benguela,Central,09,15.7251835,0.15499878
2009-12-01,18.979156,Benguela,Central,12,18.801538,0.17761803
2010-03-01,18.318512,Benguela,Central,03,17.970991,0.34752083
2010-06-01,15.440581,Benguela,Central,06,15.507049,-0.066467285
2010-09-01,15.81198,Benguela,Central,09,15.7251835,0.08679676
2010-12-01,19.142927,Benguela,Central,12,18.801538,0.3413887
2011-03-01,18.174667,Benguela,Central,03,17.970991,0.20367622
2011-06-01,15.189467,Benguela,Central,06,15.507049,-0.31758118
2011-09-01,15.522534,Benguela,Central,09,15.7251835,-0.20264912
2011-12-01,18.60418,Benguela,Central,12,18.801538,-0.19735909
2012-03-01,17.703325,Benguela,Central,03,17.970991,-0.26766586
2012-06-01,14.787771,Benguela,Central,06,15.507049,-0.7192774
2012-09-01,15.323001,Benguela,Central,09,15.7251835,-0.40218258
2012-12-01,18.640118,Benguela,Central,12,18.801538,-0.16142082
2013-03-01,17.92817,Benguela,Central,03,17.970991,-0.042821884
2013-06-01,15.479483,Benguela,Central,06,15.507049,-0.027565956
2013-09-01,15.362329,Benguela,Central,09,15.7251835,-0.36285496
2013-12-01,19.186073,Benguela,Central,12,18.801538,0.38453484
2014-03-01,18.126768,Benguela,Central,03,17.970991,0.15577698
2014-06-01,15.579378,Benguela,Central,06,15.507049,0.07232952
2014-09-01,16.23498,Benguela,Central,09,15.7251835,0.50979614
2014-12-01,18.888512,Benguela,Central,12,18.801538,0.08697319
2015-03-01,17.502172,Benguela,Central,03,17.970991,-0.46881866
2015-06-01,14.958186,Benguela,Central,06,15.507049,-0.54886246
2015-09-01,15.48617,Benguela,Central,09,15.7251835,-0.23901367
2015-12-01,19.530535,Benguela,Central,12,18.801538,0.7289963
2016-03-01,18.147362,Benguela,Central,03,17.970991,0.17637062
2016-06-01,15.2649145,Benguela,Central,06,15.507049,-0.2421341
2016-09-01,15.496105,Benguela,Central,09,15.7251835,-0.2290783
2016-12-01,18.231022,Benguela,Central,12,18.801538,-0.5705166
2017-03-01,18.153782,Benguela,Central,03,17.970991,0.18279076
2017-06-01,15.430873,Benguela,Central,06,15.507049,-0.07617569
2017-09-01,15.414906,Benguela,Central,09,15.7251835,-0.31027794
2017-12-01,18.494862,Benguela,Central,12,18.801538,-0.30667686
2018-03-01,18.57217,Benguela,Central,03,17.970991,0.6011791
2018-06-01,16.542809,Benguela,Central,06,15.507049,1.0357599
2018-09-01,15.83073,Benguela,Central,09,15.7251835,0.10554695
2018-12-01,18.92553,Benguela,Central,12,18.801538,0.12399101
2019-03-01,17.72691,Benguela,Central,03,17.970991,-0.2440815
2019-06-01,15.791041,Benguela,Central,06,15.507049,0.28399277
2019-09-01,16.37504,Benguela,Central,09,15.7251835,0.64985657
2019-12-01,19.2697,Benguela,Central,12,18.801538,0.46816063
2020-03-01,18.205553,Benguela,Central,03,17.970991,0.23456192
2020-06-01,15.685928,Benguela,Central,06,15.507049,0.17887974
2020-09-01,15.665622,Benguela,Central,09,15.7251835,-0.05956173
2020-12-01,18.501423,Benguela,Central,12,18.801538,-0.3001156
2021-03-01,18.71007,Benguela,Central,03,17.970991,0.7390785
2021-06-01,16.092503,Benguela,Central,06,15.507049,0.585454
2021-09-01,15.846812,Benguela,Central,09,15.7251835,0.12162876
2021-12-01,19.729427,Benguela,Central,12,18.801538,0.9278889
2022-03-01,17.5127,Benguela,Central,03,17.970991,-0.458292
2002-06-01,16.3395,Benguela,Equatorward,06,17.289177,-0.9496765
2002-09-01,16.991331,Benguela,Equatorward,09,17.694721,-0.7033901
2002-12-01,21.032696,Benguela,Equatorward,12,21.28179,-0.24909401
2003-03-01,20.299885,Benguela,Equatorward,03,21.05548,-0.75559425
2003-06-01,17.39302,Benguela,Equatorward,06,17.289177,0.10384369
2003-09-01,17.716984,Benguela,Equatorward,09,17.694721,0.022262573
2003-12-01,20.659662,Benguela,Equatorward,12,21.28179,-0.62212753
2004-03-01,19.58991,Benguela,Equatorward,03,21.05548,-1.4655685
2004-06-01,17.021868,Benguela,Equatorward,06,17.289177,-0.2673092
2004-09-01,17.884216,Benguela,Equatorward,09,17.694721,0.18949509
2004-12-01,21.464308,Benguela,Equatorward,12,21.28179,0.182518
2005-03-01,19.946604,Benguela,Equatorward,03,21.05548,-1.1088753
2005-06-01,16.536858,Benguela,Equatorward,06,17.289177,-0.75231934
2005-09-01,17.596548,Benguela,Equatorward,09,17.694721,-0.09817314
2005-12-01,21.477947,Benguela,Equatorward,12,21.28179,0.19615746
2006-03-01,21.53872,Benguela,Equatorward,03,21.05548,0.48324013
2006-06-01,17.04188,Benguela,Equatorward,06,17.289177,-0.24729729
2006-09-01,17.358267,Benguela,Equatorward,09,17.694721,-0.3364544
2006-12-01,20.779049,Benguela,Equatorward,12,21.28179,-0.50274086
2007-03-01,21.353588,Benguela,Equatorward,03,21.05548,0.29810905
2007-06-01,17.362705,Benguela,Equatorward,06,17.289177,0.07352829
2007-09-01,17.567673,Benguela,Equatorward,09,17.694721,-0.12704849
2007-12-01,21.340355,Benguela,Equatorward,12,21.28179,0.05856514
2008-03-01,21.7646,Benguela,Equatorward,03,21.05548,0.7091217
2008-06-01,17.597012,Benguela,Equatorward,06,17.289177,0.30783463
2008-09-01,17.377064,Benguela,Equatorward,09,17.694721,-0.31765747
2008-12-01,21.531195,Benguela,Equatorward,12,21.28179,0.2494049
2009-03-01,21.669922,Benguela,Equatorward,03,21.05548,0.6144428
2009-06-01,17.363132,Benguela,Equatorward,06,17.289177,0.073955536
2009-09-01,17.773445,Benguela,Equatorward,09,17.694721,0.07872391
2009-12-01,20.95903,Benguela,Equatorward,12,21.28179,-0.32275963
2010-03-01,20.547031,Benguela,Equatorward,03,21.05548,-0.50844765
2010-06-01,17.509668,Benguela,Equatorward,06,17.289177,0.22049141
2010-09-01,17.80162,Benguela,Equatorward,09,17.694721,0.10689926
2010-12-01,22.465767,Benguela,Equatorward,12,21.28179,1.1839771
2011-03-01,22.272873,Benguela,Equatorward,03,21.05548,1.2173939
2011-06-01,16.959368,Benguela,Equatorward,06,17.289177,-0.3298092
2011-09-01,17.346024,Benguela,Equatorward,09,17.694721,-0.34869766
2011-12-01,19.98837,Benguela,Equatorward,12,21.28179,-1.2934189
2012-03-01,20.869047,Benguela,Equatorward,03,21.05548,-0.18643188
2012-06-01,17.001389,Benguela,Equatorward,06,17.289177,-0.2877884
2012-09-01,17.552067,Benguela,Equatorward,09,17.694721,-0.14265442
2012-12-01,21.20034,Benguela,Equatorward,12,21.28179,-0.08144951
2013-03-01,20.881945,Benguela,Equatorward,03,21.05548,-0.1735344
2013-06-01,17.038124,Benguela,Equatorward,06,17.289177,-0.25105286
2013-09-01,17.160147,Benguela,Equatorward,09,17.694721,-0.5345745
2013-12-01,21.645195,Benguela,Equatorward,12,21.28179,0.36340523
2014-03-01,21.251966,Benguela,Equatorward,03,21.05548,0.19648743
2014-06-01,16.815903,Benguela,Equatorward,06,17.289177,-0.47327423
2014-09-01,17.498777,Benguela,Equatorward,09,17.694721,-0.19594383
2014-12-01,20.69316,Benguela,Equatorward,12,21.28179,-0.5886307
2015-03-01,20.727768,Benguela,Equatorward,03,21.05548,-0.3277111
2015-06-01,16.350607,Benguela,Equatorward,06,17.289177,-0.93857
2015-09-01,17.793406,Benguela,Equatorward,09,17.694721,0.09868431
2015-12-01,22.224874,Benguela,Equatorward,12,21.28179,0.9430847
2016-03-01,21.000542,Benguela,Equatorward,03,21.05548,-0.054937363
2016-06-01,17.620787,Benguela,Equatorward,06,17.289177,0.33160973
2016-09-01,17.872824,Benguela,Equatorward,09,17.694721,0.1781025
2016-12-01,20.791328,Benguela,Equatorward,12,21.28179,-0.49046135
2017-03-01,21.465715,Benguela,Equatorward,03,21.05548,0.41023636
2017-06-01,17.598772,Benguela,Equatorward,06,17.289177,0.3095951
2017-09-01,17.856329,Benguela,Equatorward,09,17.694721,0.16160774
2017-12-01,20.702623,Benguela,Equatorward,12,21.28179,-0.5791664
2018-03-01,21.589602,Benguela,Equatorward,03,21.05548,0.53412247
2018-06-01,17.530031,Benguela,Equatorward,06,17.289177,0.24085426
2018-09-01,18.054663,Benguela,Equatorward,09,17.694721,0.35994148
2018-12-01,21.27907,Benguela,Equatorward,12,21.28179,-0.0027198792
2019-03-01,20.418655,Benguela,Equatorward,03,21.05548,-0.63682365
2019-06-01,17.655453,Benguela,Equatorward,06,17.289177,0.3662758
2019-09-01,19.033813,Benguela,Equatorward,09,17.694721,1.3390923
2019-12-01,22.07177,Benguela,Equatorward,12,21.28179,0.78997993
2020-03-01,21.346312,Benguela,Equatorward,03,21.05548,0.29083252
2020-06-01,18.362146,Benguela,Equatorward,06,17.289177,1.0729694
2020-09-01,17.900179,Benguela,Equatorward,09,17.694721,0.20545769
2020-12-01,21.552477,Benguela,Equatorward,12,21.28179,0.2706871
2021-03-01,22.160326,Benguela,Equatorward,03,21.05548,1.104847
2021-06-01,18.685314,Benguela,Equatorward,06,17.289177,1.3961372
2021-09-01,17.759054,Benguela,Equatorward,09,17.694721,0.06433296
2021-12-01,21.776579,Benguela,Equatorward,12,21.28179,0.49478912
2022-03-01,20.41458,Benguela,Equatorward,03,21.05548,-0.64089966
2002-06-01,17.05111,California,Equatorward,06,18.537804,-1.4866943
2002-09-01,18.024326,California,Equatorward,09,19.226948,-1.2026215
2002-12-01,16.023415,California,Equatorward,12,15.8559265,0.1674881
2003-03-01,15.322837,California,Equatorward,03,15.730268,-0.40743065
2003-06-01,17.969294,California,Equatorward,06,18.537804,-0.56851006
2003-09-01,18.801266,California,Equatorward,09,19.226948,-0.42568207
2003-12-01,15.492953,California,Equatorward,12,15.8559265,-0.3629732
2004-03-01,15.701414,California,Equatorward,03,15.730268,-0.028853416
2004-06-01,18.02863,California,Equatorward,06,18.537804,-0.50917435
2004-09-01,19.117558,California,Equatorward,09,19.226948,-0.10939026
2004-12-01,15.721453,California,Equatorward,12,15.8559265,-0.1344738
2005-03-01,16.127129,California,Equatorward,03,15.730268,0.39686108
2005-06-01,18.1237,California,Equatorward,06,18.537804,-0.41410446
2005-09-01,18.15572,California,Equatorward,09,19.226948,-1.071228
2005-12-01,15.319278,California,Equatorward,12,15.8559265,-0.53664875
2006-03-01,15.437616,California,Equatorward,03,15.730268,-0.29265118
2006-06-01,19.40045,California,Equatorward,06,18.537804,0.8626461
2006-09-01,19.256227,California,Equatorward,09,19.226948,0.029279709
2006-12-01,15.6375065,California,Equatorward,12,15.8559265,-0.21842003
2007-03-01,15.098351,California,Equatorward,03,15.730268,-0.631917
2007-06-01,18.091028,California,Equatorward,06,18.537804,-0.44677544
2007-09-01,18.498632,California,Equatorward,09,19.226948,-0.72831535
2007-12-01,14.60075,California,Equatorward,12,15.8559265,-1.2551765
2008-03-01,14.885557,California,Equatorward,03,15.730268,-0.84471035
2008-06-01,18.535902,California,Equatorward,06,18.537804,-0.0019016266
2008-09-01,19.048273,California,Equatorward,09,19.226948,-0.1786747
2008-12-01,15.398635,California,Equatorward,12,15.8559265,-0.4572916
2009-03-01,15.078577,California,Equatorward,03,15.730268,-0.6516905
2009-06-01,18.652449,California,Equatorward,06,18.537804,0.114645004
2009-09-01,19.009901,California,Equatorward,09,19.226948,-0.21704674
2009-12-01,15.788648,California,Equatorward,12,15.8559265,-0.06727886
2010-03-01,15.444474,California,Equatorward,03,15.730268,-0.2857933
2010-06-01,16.969946,California,Equatorward,06,18.537804,-1.5678577
2010-09-01,17.561926,California,Equatorward,09,19.226948,-1.6650219
2010-12-01,14.770129,California,Equatorward,12,15.8559265,-1.0857973
2011-03-01,15.228915,California,Equatorward,03,15.730268,-0.5013523
2011-06-01,17.692812,California,Equatorward,06,18.537804,-0.8449917
2011-09-01,18.183506,California,Equatorward,09,19.226948,-1.0434418
2011-12-01,15.275263,California,Equatorward,12,15.8559265,-0.5806637
2012-03-01,15.049631,California,Equatorward,03,15.730268,-0.6806364
2012-06-01,17.9164,California,Equatorward,06,18.537804,-0.62140274
2012-09-01,19.812187,California,Equatorward,09,19.226948,0.5852394
2012-12-01,15.618402,California,Equatorward,12,15.8559265,-0.23752499
2013-03-01,15.646008,California,Equatorward,03,15.730268,-0.08425999
2013-06-01,18.239141,California,Equatorward,06,18.537804,-0.2986622
2013-09-01,18.719172,California,Equatorward,09,19.226948,-0.50777626
2013-12-01,16.104864,California,Equatorward,12,15.8559265,0.2489376
2014-03-01,16.514105,California,Equatorward,03,15.730268,0.7838373
2014-06-01,19.78858,California,Equatorward,06,18.537804,1.2507763
2014-09-01,20.941933,California,Equatorward,09,19.226948,1.7149849
2014-12-01,17.690828,California,Equatorward,12,15.8559265,1.8349018
2015-03-01,17.284992,California,Equatorward,03,15.730268,1.5547247
2015-06-01,19.796204,California,Equatorward,06,18.537804,1.2584
2015-09-01,21.559364,California,Equatorward,09,19.226948,2.3324165
2015-12-01,16.918104,California,Equatorward,12,15.8559265,1.0621777
2016-03-01,16.484982,California,Equatorward,03,15.730268,0.754714
2016-06-01,19.184078,California,Equatorward,06,18.537804,0.64627457
2016-09-01,19.368893,California,Equatorward,09,19.226948,0.14194489
2016-12-01,15.93594,California,Equatorward,12,15.8559265,0.080013275
2017-03-01,16.04147,California,Equatorward,03,15.730268,0.31120205
2017-06-01,19.156626,California,Equatorward,06,18.537804,0.6188221
2017-09-01,19.857105,California,Equatorward,09,19.226948,0.6301575
2017-12-01,16.908228,California,Equatorward,12,15.8559265,1.0523014
2018-03-01,16.015327,California,Equatorward,03,15.730268,0.28505993
2018-06-01,19.540686,California,Equatorward,06,18.537804,1.002882
2018-09-01,19.88136,California,Equatorward,09,19.226948,0.6544113
2018-12-01,16.490122,California,Equatorward,12,15.8559265,0.6341953
2019-03-01,16.187887,California,Equatorward,03,15.730268,0.45761967
2019-06-01,18.503063,California,Equatorward,06,18.537804,-0.034740448
2019-09-01,19.351143,California,Equatorward,09,19.226948,0.1241951
2019-12-01,16.079716,California,Equatorward,12,15.8559265,0.22378922
2020-03-01,16.420172,California,Equatorward,03,15.730268,0.6899042
2020-06-01,19.238264,California,Equatorward,06,18.537804,0.70046043
2020-09-01,20.283007,California,Equatorward,09,19.226948,1.0560589
2020-12-01,15.561897,California,Equatorward,12,15.8559265,-0.29402924
2021-03-01,15.050337,California,Equatorward,03,15.730268,-0.6799307
2021-06-01,18.8777,California,Equatorward,06,18.537804,0.33989716
2021-09-01,19.107466,California,Equatorward,09,19.226948,-0.11948204
2021-12-01,15.782406,California,Equatorward,12,15.8559265,-0.07352066
2022-03-01,15.5855665,California,Equatorward,03,15.730268,-0.144701
2002-06-01,14.013019,California,Central,06,15.096214,-1.0831957
2002-09-01,14.554395,California,Central,09,15.602519,-1.0481243
2002-12-01,13.400803,California,Central,12,12.850495,0.5503073
2003-03-01,13.023668,California,Central,03,12.64911,0.37455845
2003-06-01,15.257994,California,Central,06,15.096214,0.1617794
2003-09-01,15.381816,California,Central,09,15.602519,-0.22070312
2003-12-01,12.726401,California,Central,12,12.850495,-0.12409401
2004-03-01,13.19094,California,Central,03,12.64911,0.54183006
2004-06-01,15.553715,California,Central,06,15.096214,0.45750046
2004-09-01,15.386602,California,Central,09,15.602519,-0.21591663
2004-12-01,12.460412,California,Central,12,12.850495,-0.3900833
2005-03-01,13.833809,California,Central,03,12.64911,1.184699
2005-06-01,14.849373,California,Central,06,15.096214,-0.24684143
2005-09-01,14.81526,California,Central,09,15.602519,-0.7872591
2005-12-01,13.1053505,California,Central,12,12.850495,0.25485516
2006-03-01,12.506294,California,Central,03,12.64911,-0.14281559
2006-06-01,15.265638,California,Central,06,15.096214,0.16942406
2006-09-01,15.055074,California,Central,09,15.602519,-0.5474453
2006-12-01,12.396653,California,Central,12,12.850495,-0.45384216
2007-03-01,12.194231,California,Central,03,12.64911,-0.4548788
2007-06-01,15.18646,California,Central,06,15.096214,0.09024525
2007-09-01,15.146139,California,Central,09,15.602519,-0.4563799
2007-12-01,11.473208,California,Central,12,12.850495,-1.3772869
2008-03-01,11.429149,California,Central,03,12.64911,-1.2199612
2008-06-01,14.205689,California,Central,06,15.096214,-0.89052486
2008-09-01,14.798117,California,Central,09,15.602519,-0.80440235
2008-12-01,12.3544655,California,Central,12,12.850495,-0.49602985
2009-03-01,11.834584,California,Central,03,12.64911,-0.8145256
2009-06-01,15.212998,California,Central,06,15.096214,0.116784096
2009-09-01,15.209454,California,Central,09,15.602519,-0.39306545
2009-12-01,12.594688,California,Central,12,12.850495,-0.25580692
2010-03-01,12.475187,California,Central,03,12.64911,-0.17392254
2010-06-01,13.820007,California,Central,06,15.096214,-1.276207
2010-09-01,14.88587,California,Central,09,15.602519,-0.71664906
2010-12-01,12.339008,California,Central,12,12.850495,-0.511487
2011-03-01,12.075759,California,Central,03,12.64911,-0.5733509
2011-06-01,14.412329,California,Central,06,15.096214,-0.6838856
2011-09-01,15.381241,California,Central,09,15.602519,-0.22127819
2011-12-01,12.126407,California,Central,12,12.850495,-0.72408867
2012-03-01,11.91244,California,Central,03,12.64911,-0.73666954
2012-06-01,14.461265,California,Central,06,15.096214,-0.6349497
2012-09-01,15.619041,California,Central,09,15.602519,0.016522408
2012-12-01,12.602946,California,Central,12,12.850495,-0.24754906
2013-03-01,11.949529,California,Central,03,12.64911,-0.69958115
2013-06-01,14.832124,California,Central,06,15.096214,-0.26409054
2013-09-01,15.611808,California,Central,09,15.602519,0.009288788
2013-12-01,12.75329,California,Central,12,12.850495,-0.09720516
2014-03-01,13.4154215,California,Central,03,12.64911,0.76631165
2014-06-01,15.559303,California,Central,06,15.096214,0.463089
2014-09-01,17.357773,California,Central,09,15.602519,1.7552538
2014-12-01,14.928838,California,Central,12,12.850495,2.0783424
2015-03-01,13.699285,California,Central,03,12.64911,1.0501747
2015-06-01,16.766083,California,Central,06,15.096214,1.6698685
2015-09-01,17.088028,California,Central,09,15.602519,1.4855089
2015-12-01,13.733791,California,Central,12,12.850495,0.883296
2016-03-01,13.741854,California,Central,03,12.64911,1.0927439
2016-06-01,15.242088,California,Central,06,15.096214,0.14587402
2016-09-01,15.950878,California,Central,09,15.602519,0.3483591
2016-12-01,13.034624,California,Central,12,12.850495,0.18412876
2017-03-01,13.081273,California,Central,03,12.64911,0.43216324
2017-06-01,15.686975,California,Central,06,15.096214,0.59076023
2017-09-01,16.22073,California,Central,09,15.602519,0.6182108
2017-12-01,13.639826,California,Central,12,12.850495,0.7893305
2018-03-01,12.868051,California,Central,03,12.64911,0.21894073
2018-06-01,15.288645,California,Central,06,15.096214,0.1924305
2018-09-01,15.915346,California,Central,09,15.602519,0.3128271
2018-12-01,13.412978,California,Central,12,12.850495,0.56248283
2019-03-01,13.005465,California,Central,03,12.64911,0.3563547
2019-06-01,15.742058,California,Central,06,15.096214,0.6458435
2019-09-01,16.283073,California,Central,09,15.602519,0.6805544
2019-12-01,12.832123,California,Central,12,12.850495,-0.018372536
2020-03-01,12.979405,California,Central,03,12.64911,0.33029556
2020-06-01,15.660765,California,Central,06,15.096214,0.5645504
2020-09-01,16.271297,California,Central,09,15.602519,0.6687784
2020-12-01,12.448783,California,Central,12,12.850495,-0.40171242
2021-03-01,11.718349,California,Central,03,12.64911,-0.9307604
2021-06-01,14.907768,California,Central,06,15.096214,-0.18844604
2021-09-01,15.118442,California,Central,09,15.602519,-0.48407745
2021-12-01,12.645308,California,Central,12,12.850495,-0.2051878
2022-03-01,12.047507,California,Central,03,12.64911,-0.60160255
2002-06-01,14.56248,California,Poleward,06,15.400696,-0.8382158
2002-09-01,14.113463,California,Poleward,09,14.810842,-0.69737816
2002-12-01,11.442178,California,Poleward,12,10.806206,0.635972
2003-03-01,11.62162,California,Poleward,03,11.079872,0.54174805
2003-06-01,15.795852,California,Poleward,06,15.400696,0.3951559
2003-09-01,14.907065,California,Poleward,09,14.810842,0.09622383
2003-12-01,10.842711,California,Poleward,12,10.806206,0.0365057
2004-03-01,12.061872,California,Poleward,03,11.079872,0.9819994
2004-06-01,16.187073,California,Poleward,06,15.400696,0.78637695
2004-09-01,15.160245,California,Poleward,09,14.810842,0.34940338
2004-12-01,10.779915,California,Poleward,12,10.806206,-0.026290894
2005-03-01,12.015858,California,Poleward,03,11.079872,0.93598557
2005-06-01,15.173313,California,Poleward,06,15.400696,-0.22738266
2005-09-01,14.187296,California,Poleward,09,14.810842,-0.62354565
2005-12-01,10.859747,California,Poleward,12,10.806206,0.053541183
2006-03-01,10.9267435,California,Poleward,03,11.079872,-0.15312862
2006-06-01,15.158653,California,Poleward,06,15.400696,-0.24204254
2006-09-01,14.078894,California,Poleward,09,14.810842,-0.7319479
2006-12-01,10.4009,California,Poleward,12,10.806206,-0.40530586
2007-03-01,10.748131,California,Poleward,03,11.079872,-0.33174133
2007-06-01,15.954467,California,Poleward,06,15.400696,0.553771
2007-09-01,14.167993,California,Poleward,09,14.810842,-0.64284897
2007-12-01,9.515209,California,Poleward,12,10.806206,-1.2909966
2008-03-01,9.812508,California,Poleward,03,11.079872,-1.2673645
2008-06-01,14.256524,California,Poleward,06,15.400696,-1.1441717
2008-09-01,14.142233,California,Poleward,09,14.810842,-0.66860867
2008-12-01,9.995696,California,Poleward,12,10.806206,-0.8105097
2009-03-01,10.067696,California,Poleward,03,11.079872,-1.0121765
2009-06-01,15.227879,California,Poleward,06,15.400696,-0.17281723
2009-09-01,14.941571,California,Poleward,09,14.810842,0.13072968
2009-12-01,10.611674,California,Poleward,12,10.806206,-0.19453144
2010-03-01,10.899925,California,Poleward,03,11.079872,-0.1799469
2010-06-01,14.074476,California,Poleward,06,15.400696,-1.3262196
2010-09-01,14.290343,California,Poleward,09,14.810842,-0.5204983
2010-12-01,10.365788,California,Poleward,12,10.806206,-0.4404173
2011-03-01,10.228726,California,Poleward,03,11.079872,-0.85114574
2011-06-01,15.12938,California,Poleward,06,15.400696,-0.27131557
2011-09-01,14.75247,California,Poleward,09,14.810842,-0.058371544
2011-12-01,10.142735,California,Poleward,12,10.806206,-0.6634712
2012-03-01,10.155385,California,Poleward,03,11.079872,-0.9244871
2012-06-01,14.868041,California,Poleward,06,15.400696,-0.53265476
2012-09-01,14.1696825,California,Poleward,09,14.810842,-0.64115906
2012-12-01,10.435179,California,Poleward,12,10.806206,-0.371027
2013-03-01,10.774278,California,Poleward,03,11.079872,-0.30559444
2013-06-01,15.204164,California,Poleward,06,15.400696,-0.19653225
2013-09-01,15.025319,California,Poleward,09,14.810842,0.21447754
2013-12-01,10.476766,California,Poleward,12,10.806206,-0.32944012
2014-03-01,11.781766,California,Poleward,03,11.079872,0.7018938
2014-06-01,15.878482,California,Poleward,06,15.400696,0.47778606
2014-09-01,16.20843,California,Poleward,09,14.810842,1.3975878
2014-12-01,12.620483,California,Poleward,12,10.806206,1.8142776
2015-03-01,12.394694,California,Poleward,03,11.079872,1.3148222
2015-06-01,16.033913,California,Poleward,06,15.400696,0.63321686
2015-09-01,15.853323,California,Poleward,09,14.810842,1.0424814
2015-12-01,11.575528,California,Poleward,12,10.806206,0.7693224
2016-03-01,12.208748,California,Poleward,03,11.079872,1.1288757
2016-06-01,15.553588,California,Poleward,06,15.400696,0.15289211
2016-09-01,15.010884,California,Poleward,09,14.810842,0.20004272
2016-12-01,11.008699,California,Poleward,12,10.806206,0.20249367
2017-03-01,11.0911875,California,Poleward,03,11.079872,0.011315346
2017-06-01,15.491696,California,Poleward,06,15.400696,0.09100056
2017-09-01,15.006289,California,Poleward,09,14.810842,0.19544697
2017-12-01,11.393776,California,Poleward,12,10.806206,0.5875702
2018-03-01,11.085827,California,Poleward,03,11.079872,0.0059547424
2018-06-01,15.712526,California,Poleward,06,15.400696,0.31183052
2018-09-01,15.043143,California,Poleward,09,14.810842,0.23230171
2018-12-01,11.50284,California,Poleward,12,10.806206,0.6966343
2019-03-01,11.226211,California,Poleward,03,11.079872,0.14633846
2019-06-01,16.45511,California,Poleward,06,15.400696,1.0544147
2019-09-01,15.211343,California,Poleward,09,14.810842,0.40050125
2019-12-01,10.734891,California,Poleward,12,10.806206,-0.07131481
2020-03-01,11.310649,California,Poleward,03,11.079872,0.23077679
2020-06-01,15.721567,California,Poleward,06,15.400696,0.32087135
2020-09-01,15.324373,California,Poleward,09,14.810842,0.5135317
2020-12-01,10.881525,California,Poleward,12,10.806206,0.07531929
2021-03-01,10.662064,California,Poleward,03,11.079872,-0.41780853
2021-06-01,15.574722,California,Poleward,06,15.400696,0.17402649
2021-09-01,14.6224785,California,Poleward,09,14.810842,-0.18836308
2021-12-01,10.537877,California,Poleward,12,10.806206,-0.26832867
2022-03-01,10.523554,California,Poleward,03,11.079872,-0.5563183
2002-06-01,12.802421,Humboldt,Poleward,06,13.2692995,-0.4668789
2002-09-01,13.638306,Humboldt,Poleward,09,13.501973,0.13633251
2002-12-01,16.734556,Humboldt,Poleward,12,16.870863,-0.13630676
2003-03-01,15.935578,Humboldt,Poleward,03,16.246284,-0.31070614
2003-06-01,13.375978,Humboldt,Poleward,06,13.2692995,0.10667896
2003-09-01,13.624989,Humboldt,Poleward,09,13.501973,0.123015404
2003-12-01,16.467691,Humboldt,Poleward,12,16.870863,-0.40317154
2004-03-01,16.572985,Humboldt,Poleward,03,16.246284,0.3267002
2004-06-01,13.513059,Humboldt,Poleward,06,13.2692995,0.24375916
2004-09-01,13.892638,Humboldt,Poleward,09,13.501973,0.39066505
2004-12-01,17.11694,Humboldt,Poleward,12,16.870863,0.24607658
2005-03-01,16.137644,Humboldt,Poleward,03,16.246284,-0.10864067
2005-06-01,13.149158,Humboldt,Poleward,06,13.2692995,-0.12014198
2005-09-01,13.573598,Humboldt,Poleward,09,13.501973,0.071624756
2005-12-01,17.12213,Humboldt,Poleward,12,16.870863,0.25126648
2006-03-01,15.960209,Humboldt,Poleward,03,16.246284,-0.2860756
2006-06-01,13.827771,Humboldt,Poleward,06,13.2692995,0.5584717
2006-09-01,13.949857,Humboldt,Poleward,09,13.501973,0.4478836
2006-12-01,17.115366,Humboldt,Poleward,12,16.870863,0.24450302
2007-03-01,15.845423,Humboldt,Poleward,03,16.246284,-0.40086174
2007-06-01,12.322068,Humboldt,Poleward,06,13.2692995,-0.9472313
2007-09-01,12.878396,Humboldt,Poleward,09,13.501973,-0.6235771
2007-12-01,16.814571,Humboldt,Poleward,12,16.870863,-0.05629158
2008-03-01,16.513727,Humboldt,Poleward,03,16.246284,0.2674427
2008-06-01,13.307822,Humboldt,Poleward,06,13.2692995,0.03852272
2008-09-01,14.015311,Humboldt,Poleward,09,13.501973,0.5133381
2008-12-01,17.109789,Humboldt,Poleward,12,16.870863,0.23892593
2009-03-01,16.43965,Humboldt,Poleward,03,16.246284,0.1933651
2009-06-01,13.484063,Humboldt,Poleward,06,13.2692995,0.21476364
2009-09-01,13.135441,Humboldt,Poleward,09,13.501973,-0.36653233
2009-12-01,16.253584,Humboldt,Poleward,12,16.870863,-0.61727905
2010-03-01,16.02443,Humboldt,Poleward,03,16.246284,-0.22185516
2010-06-01,12.751381,Humboldt,Poleward,06,13.2692995,-0.5179186
2010-09-01,13.1397085,Humboldt,Poleward,09,13.501973,-0.36226463
2010-12-01,16.456602,Humboldt,Poleward,12,16.870863,-0.41426086
2011-03-01,15.990828,Humboldt,Poleward,03,16.246284,-0.25545692
2011-06-01,12.992896,Humboldt,Poleward,06,13.2692995,-0.27640343
2011-09-01,13.4336405,Humboldt,Poleward,09,13.501973,-0.06833267
2011-12-01,17.275879,Humboldt,Poleward,12,16.870863,0.40501595
2012-03-01,16.436398,Humboldt,Poleward,03,16.246284,0.19011307
2012-06-01,13.2522335,Humboldt,Poleward,06,13.2692995,-0.017066002
2012-09-01,13.472079,Humboldt,Poleward,09,13.501973,-0.029893875
2012-12-01,17.266174,Humboldt,Poleward,12,16.870863,0.39531136
2013-03-01,16.325716,Humboldt,Poleward,03,16.246284,0.079431534
2013-06-01,13.053142,Humboldt,Poleward,06,13.2692995,-0.21615791
2013-09-01,13.055995,Humboldt,Poleward,09,13.501973,-0.44597816
2013-12-01,16.774776,Humboldt,Poleward,12,16.870863,-0.0960865
2014-03-01,15.426783,Humboldt,Poleward,03,16.246284,-0.8195019
2014-06-01,13.048097,Humboldt,Poleward,06,13.2692995,-0.22120285
2014-09-01,13.67959,Humboldt,Poleward,09,13.501973,0.17761707
2014-12-01,16.446724,Humboldt,Poleward,12,16.870863,-0.42413902
2015-03-01,17.063318,Humboldt,Poleward,03,16.246284,0.81703377
2015-06-01,13.781291,Humboldt,Poleward,06,13.2692995,0.5119915
2015-09-01,13.934631,Humboldt,Poleward,09,13.501973,0.4326582
2015-12-01,17.60339,Humboldt,Poleward,12,16.870863,0.7325268
2016-03-01,16.339792,Humboldt,Poleward,03,16.246284,0.09350777
2016-06-01,13.724764,Humboldt,Poleward,06,13.2692995,0.45546436
2016-09-01,14.006383,Humboldt,Poleward,09,13.501973,0.5044098
2016-12-01,17.845634,Humboldt,Poleward,12,16.870863,0.9747715
2017-03-01,17.387339,Humboldt,Poleward,03,16.246284,1.1410542
2017-06-01,13.688297,Humboldt,Poleward,06,13.2692995,0.41899776
2017-09-01,13.245559,Humboldt,Poleward,09,13.501973,-0.2564144
2017-12-01,16.522108,Humboldt,Poleward,12,16.870863,-0.34875488
2018-03-01,16.277828,Humboldt,Poleward,03,16.246284,0.03154373
2018-06-01,13.0608835,Humboldt,Poleward,06,13.2692995,-0.20841599
2018-09-01,13.655538,Humboldt,Poleward,09,13.501973,0.15356445
2018-12-01,16.77327,Humboldt,Poleward,12,16.870863,-0.09759331
2019-03-01,15.621774,Humboldt,Poleward,03,16.246284,-0.62451077
2019-06-01,13.168414,Humboldt,Poleward,06,13.2692995,-0.10088539
2019-09-01,13.420523,Humboldt,Poleward,09,13.501973,-0.08145046
2019-12-01,16.701658,Humboldt,Poleward,12,16.870863,-0.16920471
2020-03-01,16.704428,Humboldt,Poleward,03,16.246284,0.45814323
2020-06-01,13.670216,Humboldt,Poleward,06,13.2692995,0.4009161
2020-09-01,13.113968,Humboldt,Poleward,09,13.501973,-0.38800526
2020-12-01,16.21628,Humboldt,Poleward,12,16.870863,-0.654583
2021-03-01,16.461826,Humboldt,Poleward,03,16.246284,0.21554184
2021-06-01,13.412043,Humboldt,Poleward,06,13.2692995,0.14274311
2021-09-01,13.173321,Humboldt,Poleward,09,13.501973,-0.32865238
2021-12-01,16.800129,Humboldt,Poleward,12,16.870863,-0.070734024
2022-03-01,15.460018,Humboldt,Poleward,03,16.246284,-0.7862663
2002-06-01,16.471937,Humboldt,Central,06,16.688726,-0.21678925
2002-09-01,17.12698,Humboldt,Central,09,17.097542,0.029438019
2002-12-01,21.366547,Humboldt,Central,12,21.69833,-0.3317833
2003-03-01,20.324041,Humboldt,Central,03,20.733541,-0.40950012
2003-06-01,16.820515,Humboldt,Central,06,16.688726,0.13178825
2003-09-01,17.402386,Humboldt,Central,09,17.097542,0.3048439
2003-12-01,21.56173,Humboldt,Central,12,21.69833,-0.1366005
2004-03-01,20.724232,Humboldt,Central,03,20.733541,-0.009309769
2004-06-01,16.716516,Humboldt,Central,06,16.688726,0.02779007
2004-09-01,17.533295,Humboldt,Central,09,17.097542,0.43575287
2004-12-01,21.491215,Humboldt,Central,12,21.69833,-0.20711517
2005-03-01,20.41042,Humboldt,Central,03,20.733541,-0.32312202
2005-06-01,16.58643,Humboldt,Central,06,16.688726,-0.10229683
2005-09-01,16.744898,Humboldt,Central,09,17.097542,-0.35264397
2005-12-01,21.781265,Humboldt,Central,12,21.69833,0.08293533
2006-03-01,20.355785,Humboldt,Central,03,20.733541,-0.37775612
2006-06-01,17.297277,Humboldt,Central,06,16.688726,0.608551
2006-09-01,17.766922,Humboldt,Central,09,17.097542,0.6693802
2006-12-01,21.921755,Humboldt,Central,12,21.69833,0.22342491
2007-03-01,20.194687,Humboldt,Central,03,20.733541,-0.5388546
2007-06-01,15.445587,Humboldt,Central,06,16.688726,-1.2431393
2007-09-01,15.798,Humboldt,Central,09,17.097542,-1.2995415
2007-12-01,21.500326,Humboldt,Central,12,21.69833,-0.19800377
2008-03-01,20.651888,Humboldt,Central,03,20.733541,-0.081653595
2008-06-01,16.577797,Humboldt,Central,06,16.688726,-0.11092949
2008-09-01,17.211897,Humboldt,Central,09,17.097542,0.11435509
2008-12-01,21.842194,Humboldt,Central,12,21.69833,0.14386368
2009-03-01,21.274078,Humboldt,Central,03,20.733541,0.5405369
2009-06-01,16.940268,Humboldt,Central,06,16.688726,0.25154114
2009-09-01,16.902039,Humboldt,Central,09,17.097542,-0.19550323
2009-12-01,21.495195,Humboldt,Central,12,21.69833,-0.20313454
2010-03-01,20.6889,Humboldt,Central,03,20.733541,-0.044641495
2010-06-01,16.01693,Humboldt,Central,06,16.688726,-0.6717968
2010-09-01,16.798807,Humboldt,Central,09,17.097542,-0.29873466
2010-12-01,21.346992,Humboldt,Central,12,21.69833,-0.35133743
2011-03-01,20.58773,Humboldt,Central,03,20.733541,-0.14581108
2011-06-01,16.492247,Humboldt,Central,06,16.688726,-0.1964798
2011-09-01,16.929918,Humboldt,Central,09,17.097542,-0.16762352
2011-12-01,22.103924,Humboldt,Central,12,21.69833,0.40559387
2012-03-01,21.359863,Humboldt,Central,03,20.733541,0.6263218
2012-06-01,17.13734,Humboldt,Central,06,16.688726,0.44861412
2012-09-01,17.05001,Humboldt,Central,09,17.097542,-0.047531128
2012-12-01,21.861403,Humboldt,Central,12,21.69833,0.16307259
2013-03-01,20.491724,Humboldt,Central,03,20.733541,-0.24181747
2013-06-01,16.530468,Humboldt,Central,06,16.688726,-0.15825844
2013-09-01,16.853947,Humboldt,Central,09,17.097542,-0.24359512
2013-12-01,21.993872,Humboldt,Central,12,21.69833,0.29554176
2014-03-01,20.243515,Humboldt,Central,03,20.733541,-0.49002647
2014-06-01,16.245024,Humboldt,Central,06,16.688726,-0.4437027
2014-09-01,17.271141,Humboldt,Central,09,17.097542,0.17359924
2014-12-01,21.120752,Humboldt,Central,12,21.69833,-0.5775776
2015-03-01,21.574747,Humboldt,Central,03,20.733541,0.8412056
2015-06-01,17.162617,Humboldt,Central,06,16.688726,0.4738903
2015-09-01,17.986332,Humboldt,Central,09,17.097542,0.88879013
2015-12-01,22.04828,Humboldt,Central,12,21.69833,0.3499508
2016-03-01,21.43259,Humboldt,Central,03,20.733541,0.699049
2016-06-01,17.557493,Humboldt,Central,06,16.688726,0.8687668
2016-09-01,18.025084,Humboldt,Central,09,17.097542,0.92754173
2016-12-01,23.040703,Humboldt,Central,12,21.69833,1.3423729
2017-03-01,21.596464,Humboldt,Central,03,20.733541,0.86292267
2017-06-01,17.347836,Humboldt,Central,06,16.688726,0.6591091
2017-09-01,16.853397,Humboldt,Central,09,17.097542,-0.24414444
2017-12-01,21.664787,Humboldt,Central,12,21.69833,-0.033542633
2018-03-01,20.63803,Humboldt,Central,03,20.733541,-0.09551239
2018-06-01,16.378355,Humboldt,Central,06,16.688726,-0.3103714
2018-09-01,17.358692,Humboldt,Central,09,17.097542,0.26115036
2018-12-01,21.864576,Humboldt,Central,12,21.69833,0.16624641
2019-03-01,20.705442,Humboldt,Central,03,20.733541,-0.02809906
2019-06-01,16.46306,Humboldt,Central,06,16.688726,-0.22566605
2019-09-01,17.136503,Humboldt,Central,09,17.097542,0.03896141
2019-12-01,21.905153,Humboldt,Central,12,21.69833,0.20682335
2020-03-01,21.068552,Humboldt,Central,03,20.733541,0.33501053
2020-06-01,16.985497,Humboldt,Central,06,16.688726,0.2967701
2020-09-01,16.752691,Humboldt,Central,09,17.097542,-0.34485054
2020-12-01,21.18026,Humboldt,Central,12,21.69833,-0.5180702
2021-03-01,20.73332,Humboldt,Central,03,20.733541,-0.00022125244
2021-06-01,16.601345,Humboldt,Central,06,16.688726,-0.08738136
2021-09-01,16.447905,Humboldt,Central,09,17.097542,-0.6496372
2021-12-01,20.875673,Humboldt,Central,12,21.69833,-0.82265663
2022-03-01,19.614803,Humboldt,Central,03,20.733541,-1.1187382
2002-06-01,17.47947,Humboldt,Equatorward,06,17.934103,-0.4546337
2002-09-01,17.823252,Humboldt,Equatorward,09,17.690193,0.13305855
2002-12-01,22.396173,Humboldt,Equatorward,12,22.17479,0.22138405
2003-03-01,21.153126,Humboldt,Equatorward,03,21.442202,-0.28907585
2003-06-01,17.620138,Humboldt,Equatorward,06,17.934103,-0.31396484
2003-09-01,17.767065,Humboldt,Equatorward,09,17.690193,0.07687187
2003-12-01,22.570265,Humboldt,Equatorward,12,22.17479,0.3954754
2004-03-01,21.416897,Humboldt,Equatorward,03,21.442202,-0.025304794
2004-06-01,17.096106,Humboldt,Equatorward,06,17.934103,-0.83799744
2004-09-01,18.212606,Humboldt,Equatorward,09,17.690193,0.52241325
2004-12-01,22.21073,Humboldt,Equatorward,12,22.17479,0.03594017
2005-03-01,21.387053,Humboldt,Equatorward,03,21.442202,-0.05514908
2005-06-01,17.48525,Humboldt,Equatorward,06,17.934103,-0.44885254
2005-09-01,16.898314,Humboldt,Equatorward,09,17.690193,-0.79187965
2005-12-01,22.291515,Humboldt,Equatorward,12,22.17479,0.11672592
2006-03-01,20.846943,Humboldt,Equatorward,03,21.442202,-0.5952587
2006-06-01,18.366312,Humboldt,Equatorward,06,17.934103,0.432209
2006-09-01,18.479412,Humboldt,Equatorward,09,17.690193,0.7892189
2006-12-01,22.455008,Humboldt,Equatorward,12,22.17479,0.28021812
2007-03-01,20.604656,Humboldt,Equatorward,03,21.442202,-0.8375454
2007-06-01,16.289497,Humboldt,Equatorward,06,17.934103,-1.6446056
2007-09-01,16.041094,Humboldt,Equatorward,09,17.690193,-1.6490993
2007-12-01,21.382067,Humboldt,Equatorward,12,22.17479,-0.7927227
2008-03-01,20.783245,Humboldt,Equatorward,03,21.442202,-0.6589565
2008-06-01,18.26513,Humboldt,Equatorward,06,17.934103,0.33102608
2008-09-01,17.749811,Humboldt,Equatorward,09,17.690193,0.059617996
2008-12-01,22.243578,Humboldt,Equatorward,12,22.17479,0.06878853
2009-03-01,21.624346,Humboldt,Equatorward,03,21.442202,0.18214417
2009-06-01,18.156956,Humboldt,Equatorward,06,17.934103,0.2228527
2009-09-01,17.666355,Humboldt,Equatorward,09,17.690193,-0.023838043
2009-12-01,22.125366,Humboldt,Equatorward,12,22.17479,-0.049423218
2010-03-01,21.74083,Humboldt,Equatorward,03,21.442202,0.29862785
2010-06-01,16.933302,Humboldt,Equatorward,06,17.934103,-1.0008011
2010-09-01,16.87403,Humboldt,Equatorward,09,17.690193,-0.816164
2010-12-01,21.449287,Humboldt,Equatorward,12,22.17479,-0.725502
2011-03-01,20.688927,Humboldt,Equatorward,03,21.442202,-0.7532749
2011-06-01,18.085983,Humboldt,Equatorward,06,17.934103,0.15188026
2011-09-01,17.422106,Humboldt,Equatorward,09,17.690193,-0.2680874
2011-12-01,21.97915,Humboldt,Equatorward,12,22.17479,-0.19563866
2012-03-01,22.1353,Humboldt,Equatorward,03,21.442202,0.69309807
2012-06-01,19.12432,Humboldt,Equatorward,06,17.934103,1.1902161
2012-09-01,17.912634,Humboldt,Equatorward,09,17.690193,0.22244072
2012-12-01,22.008549,Humboldt,Equatorward,12,22.17479,-0.16624069
2013-03-01,20.488468,Humboldt,Equatorward,03,21.442202,-0.95373344
2013-06-01,16.896883,Humboldt,Equatorward,06,17.934103,-1.03722
2013-09-01,17.087769,Humboldt,Equatorward,09,17.690193,-0.6024246
2013-12-01,22.077711,Humboldt,Equatorward,12,22.17479,-0.09707832
2014-03-01,21.563019,Humboldt,Equatorward,03,21.442202,0.120817184
2014-06-01,18.595715,Humboldt,Equatorward,06,17.934103,0.66161156
2014-09-01,17.979479,Humboldt,Equatorward,09,17.690193,0.28928566
2014-12-01,22.00017,Humboldt,Equatorward,12,22.17479,-0.17461967
2015-03-01,23.047783,Humboldt,Equatorward,03,21.442202,1.6055813
2015-06-01,19.716265,Humboldt,Equatorward,06,17.934103,1.7821617
2015-09-01,19.279718,Humboldt,Equatorward,09,17.690193,1.5895252
2015-12-01,23.042295,Humboldt,Equatorward,12,22.17479,0.867506
2016-03-01,22.517916,Humboldt,Equatorward,03,21.442202,1.0757141
2016-06-01,18.90986,Humboldt,Equatorward,06,17.934103,0.9757576
2016-09-01,18.888092,Humboldt,Equatorward,09,17.690193,1.1978989
2016-12-01,23.429892,Humboldt,Equatorward,12,22.17479,1.2551022
2017-03-01,23.02141,Humboldt,Equatorward,03,21.442202,1.5792084
2017-06-01,18.580193,Humboldt,Equatorward,06,17.934103,0.64608955
2017-09-01,17.236155,Humboldt,Equatorward,09,17.690193,-0.45403862
2017-12-01,21.9336,Humboldt,Equatorward,12,22.17479,-0.24118996
2018-03-01,20.963507,Humboldt,Equatorward,03,21.442202,-0.47869492
2018-06-01,17.628428,Humboldt,Equatorward,06,17.934103,-0.3056755
2018-09-01,18.27641,Humboldt,Equatorward,09,17.690193,0.586216
2018-12-01,22.95372,Humboldt,Equatorward,12,22.17479,0.77893066
2019-03-01,21.910059,Humboldt,Equatorward,03,21.442202,0.46785736
2019-06-01,17.695374,Humboldt,Equatorward,06,17.934103,-0.23872948
2019-09-01,17.73378,Humboldt,Equatorward,09,17.690193,0.04358673
2019-12-01,22.412226,Humboldt,Equatorward,12,22.17479,0.2374363
2020-03-01,22.325436,Humboldt,Equatorward,03,21.442202,0.883234
2020-06-01,17.737652,Humboldt,Equatorward,06,17.934103,-0.19645119
2020-09-01,17.442533,Humboldt,Equatorward,09,17.690193,-0.24765968
2020-12-01,21.408497,Humboldt,Equatorward,12,22.17479,-0.7662926
2021-03-01,20.846794,Humboldt,Equatorward,03,21.442202,-0.5954075
2021-06-01,18.019226,Humboldt,Equatorward,06,17.934103,0.08512306
2021-09-01,17.033258,Humboldt,Equatorward,09,17.690193,-0.65693474
2021-12-01,21.125984,Humboldt,Equatorward,12,22.17479,-1.0488052
2022-03-01,19.77833,Humboldt,Equatorward,03,21.442202,-1.6638718
