"Random_name","Year","Season","Season_month","Percent","Points"
"Benguela-Central",2002,1,6,49.6366666666667,98152.6666666667
"Benguela-Central",2002,2,9,38.05,75242.3333333333
"Benguela-Central",2002,3,12,0,0
"Benguela-Central",2003,1,6,54.5233333333333,107812.666666667
"Benguela-Central",2003,2,9,26.7966666666667,52988
"Benguela-Central",2003,3,12,0.0766666666666667,151.666666666667
"Benguela-Central",2003,4,3,8.23,16277.6666666667
"Benguela-Central",2004,1,6,41.4933333333333,82052
"Benguela-Central",2004,2,9,21.8433333333333,43196.6666666667
"Benguela-Central",2004,3,12,1.62666666666667,3217.33333333333
"Benguela-Central",2004,4,3,14.2966666666667,28272.3333333333
"Benguela-Central",2005,1,6,37.2833333333333,73729.6666666667
"Benguela-Central",2005,2,9,26.41,52221
"Benguela-Central",2005,3,12,1.66333333333333,3291.33333333333
"Benguela-Central",2005,4,3,5.19666666666667,10275.3333333333
"Benguela-Central",2006,1,6,33.3633333333333,65973
"Benguela-Central",2006,2,9,32.8766666666667,65008
"Benguela-Central",2006,3,12,1.16666666666667,2307.33333333333
"Benguela-Central",2006,4,3,2.90333333333333,5746.33333333333
"Benguela-Central",2007,1,6,36.3933333333333,71966
"Benguela-Central",2007,2,9,30.9733333333333,61248.3333333333
"Benguela-Central",2007,3,12,0,0
"Benguela-Central",2007,4,3,5.98,11826.3333333333
"Benguela-Central",2008,1,6,29.3533333333333,58043.3333333333
"Benguela-Central",2008,2,9,30.79,60890
"Benguela-Central",2008,3,12,1.26,2493.33333333333
"Benguela-Central",2008,4,3,3.53666666666667,6997
"Benguela-Central",2009,1,6,24.4,48252.3333333333
"Benguela-Central",2009,2,9,27.1333333333333,53651.6666666667
"Benguela-Central",2009,3,12,0.00666666666666667,11.3333333333333
"Benguela-Central",2009,4,3,2.06,4072.33333333333
"Benguela-Central",2010,1,6,42.9766666666667,84982.3333333333
"Benguela-Central",2010,2,9,29.6366666666667,58605.6666666667
"Benguela-Central",2010,3,12,0.47,928
"Benguela-Central",2010,4,3,6.91333333333333,13671.3333333333
"Benguela-Central",2011,1,6,42.8066666666667,84641.6666666667
"Benguela-Central",2011,2,9,34.5,68223.3333333333
"Benguela-Central",2011,3,12,2.84,5617
"Benguela-Central",2011,4,3,1.87,3695.33333333333
"Benguela-Central",2012,1,6,57.56,113826
"Benguela-Central",2012,2,9,41.3766666666667,81814.3333333333
"Benguela-Central",2012,3,12,0,0
"Benguela-Central",2012,4,3,7.16333333333333,14168
"Benguela-Central",2013,1,6,36.5566666666667,72289.6666666667
"Benguela-Central",2013,2,9,41.8766666666667,82809
"Benguela-Central",2013,3,12,0,0
"Benguela-Central",2013,4,3,3.42333333333333,6767.33333333333
"Benguela-Central",2014,1,6,37.3033333333333,73764.3333333333
"Benguela-Central",2014,2,9,20.3133333333333,40172
"Benguela-Central",2014,3,12,1.84333333333333,3648
"Benguela-Central",2014,4,3,4.65333333333333,9200.66666666667
"Benguela-Central",2015,1,6,53.0566666666667,104914
"Benguela-Central",2015,2,9,36.57,72316
"Benguela-Central",2015,3,12,0.403333333333333,797.666666666667
"Benguela-Central",2015,4,3,9.21333333333333,18217.3333333333
"Benguela-Central",2016,1,6,43.3766666666667,85778.3333333333
"Benguela-Central",2016,2,9,37.0133333333333,73190.6666666667
"Benguela-Central",2016,3,12,0.586666666666667,1162.66666666667
"Benguela-Central",2016,4,3,3.64,7200.33333333333
"Benguela-Central",2017,1,6,41.1433333333333,81353.3333333333
"Benguela-Central",2017,2,9,36.6233333333333,72424.6666666667
"Benguela-Central",2017,3,12,1.03,2039
"Benguela-Central",2017,4,3,0.26,514.333333333333
"Benguela-Central",2018,1,6,22.81,45108
"Benguela-Central",2018,2,9,30.0633333333333,59450.3333333333
"Benguela-Central",2018,3,12,0.83,1640
"Benguela-Central",2018,4,3,2.00666666666667,3975.66666666667
"Benguela-Central",2019,1,6,35.39,69985.6666666667
"Benguela-Central",2019,2,9,19.3366666666667,38240
"Benguela-Central",2019,3,12,0,0
"Benguela-Central",2019,4,3,9.08333333333333,17959
"Benguela-Central",2020,1,6,34.5433333333333,68307.6666666667
"Benguela-Central",2020,2,9,33.0766666666667,65404
"Benguela-Central",2020,3,12,1.65,3265.33333333333
"Benguela-Central",2020,4,3,6.09,12044.6666666667
"Benguela-Central",2021,1,6,28.18,55718.3333333333
"Benguela-Central",2021,2,9,28.62,56587.6666666667
"Benguela-Central",2021,3,12,0.546666666666667,1083.33333333333
"Benguela-Central",2021,4,3,2.97333333333333,5880
"Benguela-Central",2022,3,12,0,0
"Benguela-Central",2022,4,3,12.0933333333333,23916.6666666667
"Benguela-Equatorward",2002,1,6,89.9033333333333,178215
"Benguela-Equatorward",2002,2,9,81.7733333333333,162100
"Benguela-Equatorward",2002,3,12,18.1,35877
"Benguela-Equatorward",2003,1,6,71.71,142153.333333333
"Benguela-Equatorward",2003,2,9,63.4566666666667,125794
"Benguela-Equatorward",2003,3,12,2.82666666666667,5602
"Benguela-Equatorward",2003,4,3,20.5166666666667,40667.3333333333
"Benguela-Equatorward",2004,1,6,77.33,153293.333333333
"Benguela-Equatorward",2004,2,9,60.6766666666667,120279.333333333
"Benguela-Equatorward",2004,3,12,5.43,10764.6666666667
"Benguela-Equatorward",2004,4,3,21.7833333333333,43179
"Benguela-Equatorward",2005,1,6,94.7233333333333,187768.333333333
"Benguela-Equatorward",2005,2,9,71.0666666666667,140878.666666667
"Benguela-Equatorward",2005,3,12,1.98,3929.33333333333
"Benguela-Equatorward",2005,4,3,24.9933333333333,49547.6666666667
"Benguela-Equatorward",2006,1,6,78.4866666666667,155592
"Benguela-Equatorward",2006,2,9,72.1166666666667,142959.333333333
"Benguela-Equatorward",2006,3,12,6.87333333333333,13627.3333333333
"Benguela-Equatorward",2006,4,3,9.36333333333333,18560
"Benguela-Equatorward",2007,1,6,71.59,141918.333333333
"Benguela-Equatorward",2007,2,9,70.0233333333333,138809.666666667
"Benguela-Equatorward",2007,3,12,6.35666666666667,12606.6666666667
"Benguela-Equatorward",2007,4,3,10.03,19888.6666666667
"Benguela-Equatorward",2008,1,6,67.1766666666667,133165.333333333
"Benguela-Equatorward",2008,2,9,77.3066666666667,153246.333333333
"Benguela-Equatorward",2008,3,12,0.04,77.6666666666667
"Benguela-Equatorward",2008,4,3,6.48666666666667,12861.6666666667
"Benguela-Equatorward",2009,1,6,73.47,145644.333333333
"Benguela-Equatorward",2009,2,9,61.8033333333333,122518.333333333
"Benguela-Equatorward",2009,3,12,3.97666666666667,7882.66666666667
"Benguela-Equatorward",2009,4,3,6.63,13146.6666666667
"Benguela-Equatorward",2010,1,6,70.9166666666667,140574
"Benguela-Equatorward",2010,2,9,66.2233333333333,131277.333333333
"Benguela-Equatorward",2010,3,12,4.20333333333333,8335
"Benguela-Equatorward",2010,4,3,17.6266666666667,34940.3333333333
"Benguela-Equatorward",2011,1,6,80.38,159342
"Benguela-Equatorward",2011,2,9,73.91,146514.666666667
"Benguela-Equatorward",2011,3,12,16.5033333333333,32715.6666666667
"Benguela-Equatorward",2011,4,3,4.37666666666667,8676.33333333333
"Benguela-Equatorward",2012,1,6,77.8733333333333,154368.666666667
"Benguela-Equatorward",2012,2,9,69.15,137076
"Benguela-Equatorward",2012,3,12,1.18666666666667,2347.33333333333
"Benguela-Equatorward",2012,4,3,8.86666666666667,17577.6666666667
"Benguela-Equatorward",2013,1,6,79.6833333333333,157957.333333333
"Benguela-Equatorward",2013,2,9,77.1,152834.666666667
"Benguela-Equatorward",2013,3,12,2.16666666666667,4297.33333333333
"Benguela-Equatorward",2013,4,3,6.71666666666667,13311.3333333333
"Benguela-Equatorward",2014,1,6,80.7833333333333,160138
"Benguela-Equatorward",2014,2,9,66.1033333333333,131043
"Benguela-Equatorward",2014,3,12,9.52,18869.3333333333
"Benguela-Equatorward",2014,4,3,7.47666666666667,14822
"Benguela-Equatorward",2015,1,6,94.72,187767.666666667
"Benguela-Equatorward",2015,2,9,66.1933333333333,131219
"Benguela-Equatorward",2015,3,12,3.80333333333333,7540
"Benguela-Equatorward",2015,4,3,13.2833333333333,26334.6666666667
"Benguela-Equatorward",2016,1,6,65.3333333333333,129511.666666667
"Benguela-Equatorward",2016,2,9,65.45,129744
"Benguela-Equatorward",2016,3,12,2.58666666666667,5129.66666666667
"Benguela-Equatorward",2016,4,3,10.1533333333333,20125
"Benguela-Equatorward",2017,1,6,65.3266666666667,129497
"Benguela-Equatorward",2017,2,9,62.99,124866.666666667
"Benguela-Equatorward",2017,3,12,6.60333333333333,13093.3333333333
"Benguela-Equatorward",2017,4,3,2.55,5056.33333333333
"Benguela-Equatorward",2018,1,6,65.5933333333333,130030.333333333
"Benguela-Equatorward",2018,2,9,57.7066666666667,114395
"Benguela-Equatorward",2018,3,12,6.03666666666667,11961.6666666667
"Benguela-Equatorward",2018,4,3,6.38666666666667,12666.3333333333
"Benguela-Equatorward",2019,1,6,65.2833333333333,129414
"Benguela-Equatorward",2019,2,9,39.7666666666667,78836
"Benguela-Equatorward",2019,3,12,0.533333333333333,1055.66666666667
"Benguela-Equatorward",2019,4,3,21.2833333333333,42194.6666666667
"Benguela-Equatorward",2020,1,6,51.7333333333333,102556.666666667
"Benguela-Equatorward",2020,2,9,64.0833333333333,127029
"Benguela-Equatorward",2020,3,12,4.55,9022.66666666667
"Benguela-Equatorward",2020,4,3,9.46666666666667,18761.6666666667
"Benguela-Equatorward",2021,1,6,42.29,83834.6666666667
"Benguela-Equatorward",2021,2,9,64.77,128391.333333333
"Benguela-Equatorward",2021,3,12,4.37333333333333,8671.66666666667
"Benguela-Equatorward",2021,4,3,1.95666666666667,3877.66666666667
"Benguela-Equatorward",2022,3,12,0,0
"Benguela-Equatorward",2022,4,3,16.6766666666667,33063
"Benguela-Poleward",2002,1,6,47.04,91726
"Benguela-Poleward",2002,2,9,19.4666666666667,37961.6666666667
"Benguela-Poleward",2002,3,12,0,0
"Benguela-Poleward",2003,1,6,44.61,86987
"Benguela-Poleward",2003,2,9,10.9366666666667,21328
"Benguela-Poleward",2003,3,12,0,0
"Benguela-Poleward",2003,4,3,5.42333333333333,10574.3333333333
"Benguela-Poleward",2004,1,6,33.1366666666667,64615.6666666667
"Benguela-Poleward",2004,2,9,14.28,27846
"Benguela-Poleward",2004,3,12,0,0
"Benguela-Poleward",2004,4,3,12.7333333333333,24835
"Benguela-Poleward",2005,1,6,27.1633333333333,52969.3333333333
"Benguela-Poleward",2005,2,9,23.4033333333333,45637.3333333333
"Benguela-Poleward",2005,3,12,1.37,2670
"Benguela-Poleward",2005,4,3,5.75,11208.3333333333
"Benguela-Poleward",2006,1,6,55.85,108902.666666667
"Benguela-Poleward",2006,2,9,25.9066666666667,50515
"Benguela-Poleward",2006,3,12,0,0
"Benguela-Poleward",2006,4,3,14.9,29055.6666666667
"Benguela-Poleward",2007,1,6,30.0866666666667,58659.6666666667
"Benguela-Poleward",2007,2,9,13.3366666666667,26010.3333333333
"Benguela-Poleward",2007,3,12,0,0
"Benguela-Poleward",2007,4,3,5.9,11502.6666666667
"Benguela-Poleward",2008,1,6,32.04,62478.6666666667
"Benguela-Poleward",2008,2,9,20.7433333333333,40456.6666666667
"Benguela-Poleward",2008,3,12,2.19666666666667,4286
"Benguela-Poleward",2008,4,3,10.82,21102.6666666667
"Benguela-Poleward",2009,1,6,29.3066666666667,57147
"Benguela-Poleward",2009,2,9,12.2366666666667,23864.6666666667
"Benguela-Poleward",2009,3,12,0.123333333333333,243.333333333333
"Benguela-Poleward",2009,4,3,9.11,17765.6666666667
"Benguela-Poleward",2010,1,6,62.8,122461.666666667
"Benguela-Poleward",2010,2,9,25.0433333333333,48828.3333333333
"Benguela-Poleward",2010,3,12,0,0
"Benguela-Poleward",2010,4,3,15.3433333333333,29913.3333333333
"Benguela-Poleward",2011,1,6,47.12,91884
"Benguela-Poleward",2011,2,9,20.13,39253.3333333333
"Benguela-Poleward",2011,3,12,0.923333333333333,1801
"Benguela-Poleward",2011,4,3,12.3933333333333,24166
"Benguela-Poleward",2012,1,6,42.3133333333333,82510
"Benguela-Poleward",2012,2,9,25.73,50173.6666666667
"Benguela-Poleward",2012,3,12,0,0
"Benguela-Poleward",2012,4,3,12.7933333333333,24944
"Benguela-Poleward",2013,1,6,34.09,66473.6666666667
"Benguela-Poleward",2013,2,9,22.7566666666667,44372.3333333333
"Benguela-Poleward",2013,3,12,0.6,1163.33333333333
"Benguela-Poleward",2013,4,3,8.58333333333333,16738
"Benguela-Poleward",2014,1,6,27.7633333333333,54136.6666666667
"Benguela-Poleward",2014,2,9,12.3733333333333,24126.3333333333
"Benguela-Poleward",2014,3,12,0.86,1677.66666666667
"Benguela-Poleward",2014,4,3,8.31,16202.3333333333
"Benguela-Poleward",2015,1,6,71.51,139441.666666667
"Benguela-Poleward",2015,2,9,32.28,62949
"Benguela-Poleward",2015,3,12,0,0
"Benguela-Poleward",2015,4,3,15.06,29364.6666666667
"Benguela-Poleward",2016,1,6,38.9033333333333,75857.6666666667
"Benguela-Poleward",2016,2,9,23.22,45276.6666666667
"Benguela-Poleward",2016,3,12,0.233333333333333,456.666666666667
"Benguela-Poleward",2016,4,3,8.44666666666667,16474.3333333333
"Benguela-Poleward",2017,1,6,36.49,71157
"Benguela-Poleward",2017,2,9,25.2633333333333,49266
"Benguela-Poleward",2017,3,12,2.62666666666667,5125.66666666667
"Benguela-Poleward",2017,4,3,8.15,15890.6666666667
"Benguela-Poleward",2018,1,6,30.86,60177
"Benguela-Poleward",2018,2,9,33.8833333333333,66065
"Benguela-Poleward",2018,3,12,0.0233333333333333,47.3333333333333
"Benguela-Poleward",2018,4,3,5.12,9987.66666666667
"Benguela-Poleward",2019,1,6,29.5366666666667,57595.3333333333
"Benguela-Poleward",2019,2,9,10.2933333333333,20069.3333333333
"Benguela-Poleward",2019,3,12,0,0
"Benguela-Poleward",2019,4,3,13.4666666666667,26261.3333333333
"Benguela-Poleward",2020,1,6,19.47,37965.3333333333
"Benguela-Poleward",2020,2,9,16.3,31786.3333333333
"Benguela-Poleward",2020,3,12,0.596666666666667,1161.66666666667
"Benguela-Poleward",2020,4,3,9.14,17819.6666666667
"Benguela-Poleward",2021,1,6,31.0233333333333,60498.6666666667
"Benguela-Poleward",2021,2,9,20.4966666666667,39972.3333333333
"Benguela-Poleward",2021,3,12,0.75,1464.33333333333
"Benguela-Poleward",2021,4,3,7.50333333333333,14631.6666666667
"Benguela-Poleward",2022,3,12,0,0
"Benguela-Poleward",2022,4,3,20.79,40539.3333333333
"California-Central",2002,1,6,26.1633333333333,51516.3333333333
"California-Central",2002,2,9,15.4966666666667,30513.6666666667
"California-Central",2002,3,12,34.08,67104
"California-Central",2003,1,6,12.3566666666667,24326
"California-Central",2003,2,9,9.46,18628.6666666667
"California-Central",2003,3,12,40.3333333333333,79417
"California-Central",2003,4,3,49.7066666666667,97869
"California-Central",2004,1,6,8.09333333333333,15936
"California-Central",2004,2,9,9.90666666666667,19503.6666666667
"California-Central",2004,3,12,75.7633333333333,149181.666666667
"California-Central",2004,4,3,45.6933333333333,89971
"California-Central",2005,1,6,12.2066666666667,24031.6666666667
"California-Central",2005,2,9,11.8166666666667,23265.3333333333
"California-Central",2005,3,12,58.7866666666667,115748.333333333
"California-Central",2005,4,3,27.09,53339
"California-Central",2006,1,6,4.76,9368
"California-Central",2006,2,9,4.06,7995.33333333333
"California-Central",2006,3,12,48.41,95318
"California-Central",2006,4,3,72.3066666666667,142369.333333333
"California-Central",2007,1,6,9.67666666666667,19053
"California-Central",2007,2,9,7.29,14351
"California-Central",2007,3,12,94.1766666666667,185432
"California-Central",2007,4,3,86.56,170432.333333333
"California-Central",2008,1,6,25.8166666666667,50830.6666666667
"California-Central",2008,2,9,4.37,8601.66666666667
"California-Central",2008,3,12,80.44,158389
"California-Central",2008,4,3,95.8333333333333,188692
"California-Central",2009,1,6,4.66666666666667,9183
"California-Central",2009,2,9,8.06,15870.3333333333
"California-Central",2009,3,12,88.9466666666667,175127.333333333
"California-Central",2009,4,3,92.9233333333333,182968.333333333
"California-Central",2010,1,6,24.27,47788.3333333333
"California-Central",2010,2,9,9.19666666666667,18110.6666666667
"California-Central",2010,3,12,70.28,138377
"California-Central",2010,4,3,74.1333333333333,145973.333333333
"California-Central",2011,1,6,13.1,25791
"California-Central",2011,2,9,9.37666666666667,18464
"California-Central",2011,3,12,82.0933333333333,161639
"California-Central",2011,4,3,89.4666666666667,176158.666666667
"California-Central",2012,1,6,13.1033333333333,25801.3333333333
"California-Central",2012,2,9,0.716666666666667,1410.66666666667
"California-Central",2012,3,12,66.56,131057
"California-Central",2012,4,3,88.4066666666667,174073.666666667
"California-Central",2013,1,6,8.19333333333333,16131
"California-Central",2013,2,9,6.45,12700.6666666667
"California-Central",2013,3,12,78.96,155467.666666667
"California-Central",2013,4,3,83.46,164326.666666667
"California-Central",2014,1,6,6.45333333333333,12712.3333333333
"California-Central",2014,2,9,0,0
"California-Central",2014,3,12,42.2933333333333,83274
"California-Central",2014,4,3,36.6966666666667,72259
"California-Central",2015,1,6,2.12333333333333,4183
"California-Central",2015,2,9,0.54,1061
"California-Central",2015,3,12,2.93666666666667,5782.66666666667
"California-Central",2015,4,3,24.8833333333333,48994.3333333333
"California-Central",2016,1,6,6.1,12013.6666666667
"California-Central",2016,2,9,1.35333333333333,2660.33333333333
"California-Central",2016,3,12,21.6166666666667,42568.3333333333
"California-Central",2016,4,3,19.41,38214
"California-Central",2017,1,6,3.45666666666667,6803.66666666667
"California-Central",2017,2,9,1.98333333333333,3905.66666666667
"California-Central",2017,3,12,46.26,91085.6666666667
"California-Central",2017,4,3,48.2633333333333,95033.6666666667
"California-Central",2018,1,6,4.76666666666667,9389
"California-Central",2018,2,9,2.7,5318
"California-Central",2018,3,12,24.52,48279
"California-Central",2018,4,3,59.16,116482.666666667
"California-Central",2019,1,6,7.74333333333333,15243.6666666667
"California-Central",2019,2,9,3.02333333333333,5957.33333333333
"California-Central",2019,3,12,46.5766666666667,91707.6666666667
"California-Central",2019,4,3,55.94,110143
"California-Central",2020,1,6,5.10333333333333,10050.3333333333
"California-Central",2020,2,9,4.74666666666667,9343
"California-Central",2020,3,12,68.28,134440.333333333
"California-Central",2020,4,3,54.7,107699.333333333
"California-Central",2021,1,6,6.67666666666667,13148.3333333333
"California-Central",2021,2,9,2.80333333333333,5513.66666666667
"California-Central",2021,3,12,71.0633333333333,139916.333333333
"California-Central",2021,4,3,97.11,191207
"California-Central",2022,3,12,75.12,147908
"California-Central",2022,4,3,87.7866666666667,172845
"California-Equatorward",2002,1,6,63.0933333333333,120298
"California-Equatorward",2002,2,9,41.79,79678
"California-Equatorward",2002,3,12,91.35,174169
"California-Equatorward",2003,1,6,45.6666666666667,87067.6666666667
"California-Equatorward",2003,2,9,26.5233333333333,50575.6666666667
"California-Equatorward",2003,3,12,97.0133333333333,184971.666666667
"California-Equatorward",2003,4,3,100,190667
"California-Equatorward",2004,1,6,42.8166666666667,81637
"California-Equatorward",2004,2,9,22.69,43259.6666666667
"California-Equatorward",2004,3,12,100,190667
"California-Equatorward",2004,4,3,94.7766666666667,180707.333333333
"California-Equatorward",2005,1,6,44.0133333333333,83914.3333333333
"California-Equatorward",2005,2,9,38.8533333333333,74081.3333333333
"California-Equatorward",2005,3,12,99.8533333333333,190387.666666667
"California-Equatorward",2005,4,3,98.2133333333333,187259.666666667
"California-Equatorward",2006,1,6,23.3833333333333,44586.3333333333
"California-Equatorward",2006,2,9,21.58,41146
"California-Equatorward",2006,3,12,92.0433333333333,175498.333333333
"California-Equatorward",2006,4,3,99.4533333333333,189624.666666667
"California-Equatorward",2007,1,6,47.2433333333333,90079.6666666667
"California-Equatorward",2007,2,9,32.6633333333333,62276.6666666667
"California-Equatorward",2007,3,12,100,190667
"California-Equatorward",2007,4,3,100,190666
"California-Equatorward",2008,1,6,33.2066666666667,63315.6666666667
"California-Equatorward",2008,2,9,23.0866666666667,44019.3333333333
"California-Equatorward",2008,3,12,94.9066666666667,180956
"California-Equatorward",2008,4,3,100,190667
"California-Equatorward",2009,1,6,29.69,56612.3333333333
"California-Equatorward",2009,2,9,23.2,44234.3333333333
"California-Equatorward",2009,3,12,95.5966666666667,182269
"California-Equatorward",2009,4,3,99.6,189906
"California-Equatorward",2010,1,6,70.4033333333333,134237
"California-Equatorward",2010,2,9,46.0233333333333,87749
"California-Equatorward",2010,3,12,97.4166666666667,185740
"California-Equatorward",2010,4,3,100,190667
"California-Equatorward",2011,1,6,47.61,90775
"California-Equatorward",2011,2,9,36.4433333333333,69483
"California-Equatorward",2011,3,12,100,190667
"California-Equatorward",2011,4,3,100,190667
"California-Equatorward",2012,1,6,49.12,93654.3333333333
"California-Equatorward",2012,2,9,15.55,29648
"California-Equatorward",2012,3,12,90.99,173488
"California-Equatorward",2012,4,3,99.6066666666667,189919.666666667
"California-Equatorward",2013,1,6,31.5066666666667,60073.3333333333
"California-Equatorward",2013,2,9,25.0766666666667,47815
"California-Equatorward",2013,3,12,95.1033333333333,181331
"California-Equatorward",2013,4,3,94.8466666666667,180844
"California-Equatorward",2014,1,6,12.7966666666667,24399
"California-Equatorward",2014,2,9,3.26666666666667,6224.33333333333
"California-Equatorward",2014,3,12,73.5033333333333,140146.666666667
"California-Equatorward",2014,4,3,82.5466666666667,157388
"California-Equatorward",2015,1,6,10.7933333333333,20576
"California-Equatorward",2015,2,9,4.79,9135
"California-Equatorward",2015,3,12,60.1933333333333,114765.333333333
"California-Equatorward",2015,4,3,60.0933333333333,114575
"California-Equatorward",2016,1,6,21.9166666666667,41787
"California-Equatorward",2016,2,9,15.2266666666667,29030.6666666667
"California-Equatorward",2016,3,12,92.48,176329.333333333
"California-Equatorward",2016,4,3,97.23,185384.666666667
"California-Equatorward",2017,1,6,21.9333333333333,41819
"California-Equatorward",2017,2,9,12.32,23494.6666666667
"California-Equatorward",2017,3,12,82.53,157355.666666667
"California-Equatorward",2017,4,3,98.8066666666667,188393.666666667
"California-Equatorward",2018,1,6,26.77,51045.3333333333
"California-Equatorward",2018,2,9,8.15,15544.6666666667
"California-Equatorward",2018,3,12,75.4233333333333,143807.333333333
"California-Equatorward",2018,4,3,96.1766666666667,183372.333333333
"California-Equatorward",2019,1,6,28.8533333333333,55013.3333333333
"California-Equatorward",2019,2,9,17.18,32751.6666666667
"California-Equatorward",2019,3,12,89.4133333333333,170480.666666667
"California-Equatorward",2019,4,3,94.8633333333333,180876
"California-Equatorward",2020,1,6,18.7233333333333,35701.3333333333
"California-Equatorward",2020,2,9,10.17,19386.6666666667
"California-Equatorward",2020,3,12,92.3533333333333,176086.333333333
"California-Equatorward",2020,4,3,79.6966666666667,151957
"California-Equatorward",2021,1,6,33.6233333333333,64116.3333333333
"California-Equatorward",2021,2,9,22.2633333333333,42450
"California-Equatorward",2021,3,12,99.45,189617.666666667
"California-Equatorward",2021,4,3,99.9966666666667,190660.666666667
"California-Equatorward",2022,3,12,100,190667
"California-Equatorward",2022,4,3,100,190667
"California-Poleward",2002,1,6,6.19666666666667,12841
"California-Poleward",2002,2,9,11.5966666666667,24025.3333333333
"California-Poleward",2002,3,12,35.07,72662
"California-Poleward",2003,1,6,2.07,4292
"California-Poleward",2003,2,9,3.66666666666667,7598
"California-Poleward",2003,3,12,85.2433333333333,176627.666666667
"California-Poleward",2003,4,3,59.3666666666667,123006
"California-Poleward",2004,1,6,0.1,208.666666666667
"California-Poleward",2004,2,9,6.29,13032.6666666667
"California-Poleward",2004,3,12,91.8266666666667,190265
"California-Poleward",2004,4,3,54.4033333333333,112728.666666667
"California-Poleward",2005,1,6,2.28666666666667,4738.66666666667
"California-Poleward",2005,2,9,7.53,15600
"California-Poleward",2005,3,12,95.77,198435.666666667
"California-Poleward",2005,4,3,51.3633333333333,106423
"California-Poleward",2006,1,6,1.26333333333333,2617.66666666667
"California-Poleward",2006,2,9,11.2066666666667,23219
"California-Poleward",2006,3,12,92.2033333333333,191045.666666667
"California-Poleward",2006,4,3,74.4866666666667,154334.333333333
"California-Poleward",2007,1,6,1.34666666666667,2790.66666666667
"California-Poleward",2007,2,9,11.88,24618
"California-Poleward",2007,3,12,99.28,205705
"California-Poleward",2007,4,3,83.5166666666667,173049.333333333
"California-Poleward",2008,1,6,8.61333333333333,17846.6666666667
"California-Poleward",2008,2,9,1.40666666666667,2918
"California-Poleward",2008,3,12,94.79,196401.666666667
"California-Poleward",2008,4,3,100,207197
"California-Poleward",2009,1,6,0.633333333333333,1315.66666666667
"California-Poleward",2009,2,9,3.12,6462.66666666667
"California-Poleward",2009,3,12,97.2566666666667,201515.333333333
"California-Poleward",2009,4,3,96.8466666666667,200665.666666667
"California-Poleward",2010,1,6,5.23666666666667,10852.6666666667
"California-Poleward",2010,2,9,4.34,8990
"California-Poleward",2010,3,12,96.4333333333333,199802.666666667
"California-Poleward",2010,4,3,87.55,181398.666666667
"California-Poleward",2011,1,6,0.82,1696.66666666667
"California-Poleward",2011,2,9,5.21333333333333,10806.3333333333
"California-Poleward",2011,3,12,98.9133333333333,204950.333333333
"California-Poleward",2011,4,3,96.01,198929
"California-Poleward",2012,1,6,1.11666666666667,2313
"California-Poleward",2012,2,9,3.59,7441
"California-Poleward",2012,3,12,92.16,190955.333333333
"California-Poleward",2012,4,3,94.09,194949
"California-Poleward",2013,1,6,0.876666666666667,1812.66666666667
"California-Poleward",2013,2,9,5.17666666666667,10730.3333333333
"California-Poleward",2013,3,12,96.4166666666667,199771
"California-Poleward",2013,4,3,72.0333333333333,149253
"California-Poleward",2014,1,6,1.83333333333333,3796
"California-Poleward",2014,2,9,0,0
"California-Poleward",2014,3,12,67.3033333333333,139449.666666667
"California-Poleward",2014,4,3,61.33,127072.666666667
"California-Poleward",2015,1,6,2.37333333333333,4914.33333333333
"California-Poleward",2015,2,9,0,0
"California-Poleward",2015,3,12,27.82,57649
"California-Poleward",2015,4,3,21.0333333333333,43585
"California-Poleward",2016,1,6,1.82666666666667,3786.66666666667
"California-Poleward",2016,2,9,0.0133333333333333,26.6666666666667
"California-Poleward",2016,3,12,64.8133333333333,134291
"California-Poleward",2016,4,3,37.4566666666667,77607
"California-Poleward",2017,1,6,0.54,1122.66666666667
"California-Poleward",2017,2,9,2.74666666666667,5691.66666666667
"California-Poleward",2017,3,12,80.3166666666667,166411.333333333
"California-Poleward",2017,4,3,71.1066666666667,147328
"California-Poleward",2018,1,6,1.05666666666667,2190.66666666667
"California-Poleward",2018,2,9,1.59,3291.66666666667
"California-Poleward",2018,3,12,70.65,146383
"California-Poleward",2018,4,3,68.2233333333333,141360.333333333
"California-Poleward",2019,1,6,2.76666666666667,5732.66666666667
"California-Poleward",2019,2,9,9.64333333333333,19983
"California-Poleward",2019,3,12,86.44,179095.666666667
"California-Poleward",2019,4,3,72.4033333333333,150017.333333333
"California-Poleward",2020,1,6,0.926666666666667,1921.66666666667
"California-Poleward",2020,2,9,5.61666666666667,11640
"California-Poleward",2020,3,12,84.93,175972
"California-Poleward",2020,4,3,66.71,138219.333333333
"California-Poleward",2021,1,6,0.836666666666667,1731.66666666667
"California-Poleward",2021,2,9,1.10666666666667,2292.33333333333
"California-Poleward",2021,3,12,91.3366666666667,189249.333333333
"California-Poleward",2021,4,3,78.37,162378.333333333
"California-Poleward",2022,3,12,99.785,206755.5
"California-Poleward",2022,4,3,92.48,191616.666666667
"Humboldt-Central",2002,1,6,92.3733333333333,299316
"Humboldt-Central",2002,2,9,77.5933333333333,251424
"Humboldt-Central",2002,3,12,15.43,49991
"Humboldt-Central",2003,1,6,89.1633333333333,288909.333333333
"Humboldt-Central",2003,2,9,72.01,233328.333333333
"Humboldt-Central",2003,3,12,13.3666666666667,43315.6666666667
"Humboldt-Central",2003,4,3,19.6966666666667,63825
"Humboldt-Central",2004,1,6,100,324025
"Humboldt-Central",2004,2,9,76.6566666666667,248387.333333333
"Humboldt-Central",2004,3,12,11.83,38340.3333333333
"Humboldt-Central",2004,4,3,12.24,39661.3333333333
"Humboldt-Central",2005,1,6,98.7533333333333,319983.333333333
"Humboldt-Central",2005,2,9,86.2866666666667,279587.333333333
"Humboldt-Central",2005,3,12,8.00666666666667,25942
"Humboldt-Central",2005,4,3,22.3133333333333,72297
"Humboldt-Central",2006,1,6,84.3466666666667,273305.666666667
"Humboldt-Central",2006,2,9,70.7266666666667,229171.666666667
"Humboldt-Central",2006,3,12,7.73666666666667,25073.6666666667
"Humboldt-Central",2006,4,3,18.5766666666667,60201
"Humboldt-Central",2007,1,6,97.96,317412.333333333
"Humboldt-Central",2007,2,9,88.7033333333333,287423.333333333
"Humboldt-Central",2007,3,12,10.71,34703.6666666667
"Humboldt-Central",2007,4,3,22.3166666666667,72312
"Humboldt-Central",2008,1,6,97.41,315635
"Humboldt-Central",2008,2,9,80.0933333333333,259518.333333333
"Humboldt-Central",2008,3,12,0.56,1809
"Humboldt-Central",2008,4,3,19.77,64066.3333333333
"Humboldt-Central",2009,1,6,84.9566666666667,275280.666666667
"Humboldt-Central",2009,2,9,83.9466666666667,272010.333333333
"Humboldt-Central",2009,3,12,10.6933333333333,34647.3333333333
"Humboldt-Central",2009,4,3,8.14333333333333,26379.6666666667
"Humboldt-Central",2010,1,6,94.66,306720.333333333
"Humboldt-Central",2010,2,9,84.3733333333333,273388.333333333
"Humboldt-Central",2010,3,12,12.6866666666667,41115.3333333333
"Humboldt-Central",2010,4,3,16.9066666666667,54786.3333333333
"Humboldt-Central",2011,1,6,88.73,287505.333333333
"Humboldt-Central",2011,2,9,82.2066666666667,266366
"Humboldt-Central",2011,3,12,5.99333333333333,19419.6666666667
"Humboldt-Central",2011,4,3,19.2,62216
"Humboldt-Central",2012,1,6,82.4766666666667,267244.333333333
"Humboldt-Central",2012,2,9,84.2966666666667,273146.333333333
"Humboldt-Central",2012,3,12,5.52333333333333,17898.6666666667
"Humboldt-Central",2012,4,3,9.1,29492.3333333333
"Humboldt-Central",2013,1,6,91.35,295997
"Humboldt-Central",2013,2,9,84.0966666666667,272491
"Humboldt-Central",2013,3,12,4.96333333333333,16080.6666666667
"Humboldt-Central",2013,4,3,15.2833333333333,49524.6666666667
"Humboldt-Central",2014,1,6,92.5,299724
"Humboldt-Central",2014,2,9,75.4733333333333,244559.333333333
"Humboldt-Central",2014,3,12,12.07,39115
"Humboldt-Central",2014,4,3,22.83,73972.3333333333
"Humboldt-Central",2015,1,6,84.87,274995
"Humboldt-Central",2015,2,9,62.63,202937.333333333
"Humboldt-Central",2015,3,12,8.99333333333333,29146.6666666667
"Humboldt-Central",2015,4,3,8.01666666666667,25980.3333333333
"Humboldt-Central",2016,1,6,71.78,232583.333333333
"Humboldt-Central",2016,2,9,61.6266666666667,199689.666666667
"Humboldt-Central",2016,3,12,0,2.66666666666667
"Humboldt-Central",2016,4,3,9.18,29743.6666666667
"Humboldt-Central",2017,1,6,78.6566666666667,254862.333333333
"Humboldt-Central",2017,2,9,86.08,278913
"Humboldt-Central",2017,3,12,7.08333333333333,22949.6666666667
"Humboldt-Central",2017,4,3,6.21,20120.3333333333
"Humboldt-Central",2018,1,6,90.35,292761
"Humboldt-Central",2018,2,9,71.66,232192
"Humboldt-Central",2018,3,12,3.28333333333333,10642.6666666667
"Humboldt-Central",2018,4,3,17.52,56774.6666666667
"Humboldt-Central",2019,1,6,91.7566666666667,297311
"Humboldt-Central",2019,2,9,77.89,252381.666666667
"Humboldt-Central",2019,3,12,8.31666666666667,26947.6666666667
"Humboldt-Central",2019,4,3,15.3733333333333,49810.3333333333
"Humboldt-Central",2020,1,6,87.7166666666667,284224.333333333
"Humboldt-Central",2020,2,9,84.8333333333333,274879.333333333
"Humboldt-Central",2020,3,12,11.6466666666667,37741
"Humboldt-Central",2020,4,3,12.0233333333333,38961
"Humboldt-Central",2021,1,6,91.35,295999
"Humboldt-Central",2021,2,9,86.9633333333333,281778.666666667
"Humboldt-Central",2021,3,12,11.04,35778.6666666667
"Humboldt-Central",2021,4,3,10.55,34183.3333333333
"Humboldt-Central",2022,3,12,0.73,2371
"Humboldt-Central",2022,4,3,34.8933333333333,113067.333333333
"Humboldt-Equatorward",2002,1,6,70.1766666666667,135044.333333333
"Humboldt-Equatorward",2002,2,9,63.8766666666667,122920.666666667
"Humboldt-Equatorward",2002,3,12,0,0
"Humboldt-Equatorward",2003,1,6,69.3666666666667,133487.333333333
"Humboldt-Equatorward",2003,2,9,64.5033333333333,124129.333333333
"Humboldt-Equatorward",2003,3,12,0,0
"Humboldt-Equatorward",2003,4,3,8.76333333333333,16861.6666666667
"Humboldt-Equatorward",2004,1,6,88.17,169666.333333333
"Humboldt-Equatorward",2004,2,9,54.7333333333333,105326.333333333
"Humboldt-Equatorward",2004,3,12,0,0
"Humboldt-Equatorward",2004,4,3,10.9966666666667,21159.6666666667
"Humboldt-Equatorward",2005,1,6,77.9166666666667,149940.333333333
"Humboldt-Equatorward",2005,2,9,88.7,170693.666666667
"Humboldt-Equatorward",2005,3,12,0,0
"Humboldt-Equatorward",2005,4,3,3.97,7642
"Humboldt-Equatorward",2006,1,6,53.4966666666667,102947
"Humboldt-Equatorward",2006,2,9,47.64,91673
"Humboldt-Equatorward",2006,3,12,0.0333333333333333,66
"Humboldt-Equatorward",2006,4,3,11.5866666666667,22297
"Humboldt-Equatorward",2007,1,6,90.9133333333333,174952
"Humboldt-Equatorward",2007,2,9,99.42,191320.333333333
"Humboldt-Equatorward",2007,3,12,6.57666666666667,12657.3333333333
"Humboldt-Equatorward",2007,4,3,19.0366666666667,36635.6666666667
"Humboldt-Equatorward",2008,1,6,52.97,101929.333333333
"Humboldt-Equatorward",2008,2,9,64.2266666666667,123599
"Humboldt-Equatorward",2008,3,12,0.03,60
"Humboldt-Equatorward",2008,4,3,16.66,32060.3333333333
"Humboldt-Equatorward",2009,1,6,58.2933333333333,112172.666666667
"Humboldt-Equatorward",2009,2,9,68.08,131012.666666667
"Humboldt-Equatorward",2009,3,12,0,0
"Humboldt-Equatorward",2009,4,3,9.23333333333333,17771.6666666667
"Humboldt-Equatorward",2010,1,6,79.76,153486.333333333
"Humboldt-Equatorward",2010,2,9,82.9533333333333,159634.333333333
"Humboldt-Equatorward",2010,3,12,6.17,11872.3333333333
"Humboldt-Equatorward",2010,4,3,4.01666666666667,7732.33333333333
"Humboldt-Equatorward",2011,1,6,58.23,112052.666666667
"Humboldt-Equatorward",2011,2,9,72.3733333333333,139273.333333333
"Humboldt-Equatorward",2011,3,12,3.6,6925.33333333333
"Humboldt-Equatorward",2011,4,3,9.24666666666667,17790.6666666667
"Humboldt-Equatorward",2012,1,6,36.1766666666667,69613.3333333333
"Humboldt-Equatorward",2012,2,9,63,121233.333333333
"Humboldt-Equatorward",2012,3,12,1.15666666666667,2228.33333333333
"Humboldt-Equatorward",2012,4,3,3.04,5850.66666666667
"Humboldt-Equatorward",2013,1,6,86.54,166534
"Humboldt-Equatorward",2013,2,9,86.2233333333333,165927.666666667
"Humboldt-Equatorward",2013,3,12,0.58,1114.33333333333
"Humboldt-Equatorward",2013,4,3,13.1233333333333,25250.6666666667
"Humboldt-Equatorward",2014,1,6,51.2133333333333,98556
"Humboldt-Equatorward",2014,2,9,56.4666666666667,108659
"Humboldt-Equatorward",2014,3,12,2.06333333333333,3969
"Humboldt-Equatorward",2014,4,3,4.03333333333333,7760
"Humboldt-Equatorward",2015,1,6,27.86,53614
"Humboldt-Equatorward",2015,2,9,19.52,37565.6666666667
"Humboldt-Equatorward",2015,3,12,0,0
"Humboldt-Equatorward",2015,4,3,0.64,1231
"Humboldt-Equatorward",2016,1,6,42.5566666666667,81894.3333333333
"Humboldt-Equatorward",2016,2,9,35.7833333333333,68858.6666666667
"Humboldt-Equatorward",2016,3,12,0.386666666666667,741.666666666667
"Humboldt-Equatorward",2016,4,3,1.21,2327
"Humboldt-Equatorward",2017,1,6,45.7333333333333,88008.3333333333
"Humboldt-Equatorward",2017,2,9,81.2833333333333,156412.666666667
"Humboldt-Equatorward",2017,3,12,2.43333333333333,4682
"Humboldt-Equatorward",2017,4,3,0.4,772.666666666667
"Humboldt-Equatorward",2018,1,6,70.3166666666667,135315.666666667
"Humboldt-Equatorward",2018,2,9,50.95,98045.3333333333
"Humboldt-Equatorward",2018,3,12,0.253333333333333,488.333333333333
"Humboldt-Equatorward",2018,4,3,7.66,14744
"Humboldt-Equatorward",2019,1,6,69.2333333333333,133224.666666667
"Humboldt-Equatorward",2019,2,9,68.5366666666667,131890.333333333
"Humboldt-Equatorward",2019,3,12,0.256666666666667,495
"Humboldt-Equatorward",2019,4,3,4.15666666666667,8001
"Humboldt-Equatorward",2020,1,6,71.4266666666667,137448.333333333
"Humboldt-Equatorward",2020,2,9,75.8766666666667,146014.666666667
"Humboldt-Equatorward",2020,3,12,2.83,5448
"Humboldt-Equatorward",2020,4,3,2.98333333333333,5742
"Humboldt-Equatorward",2021,1,6,58.6633333333333,112894
"Humboldt-Equatorward",2021,2,9,79.1366666666667,152288
"Humboldt-Equatorward",2021,3,12,5.23333333333333,10069
"Humboldt-Equatorward",2021,4,3,9.63,18527.3333333333
"Humboldt-Equatorward",2022,3,12,2.175,4188
"Humboldt-Equatorward",2022,4,3,21.0366666666667,40483.6666666667
"Humboldt-Poleward",2002,1,6,82.06,379300
"Humboldt-Poleward",2002,2,9,59.6966666666667,275919.666666667
"Humboldt-Poleward",2002,3,12,0.63,2921
"Humboldt-Poleward",2003,1,6,73.0133333333333,337482.333333333
"Humboldt-Poleward",2003,2,9,64.8633333333333,299807
"Humboldt-Poleward",2003,3,12,3.09,14282.3333333333
"Humboldt-Poleward",2003,4,3,11.5533333333333,53407.3333333333
"Humboldt-Poleward",2004,1,6,68.1166666666667,314846.666666667
"Humboldt-Poleward",2004,2,9,52.4966666666667,242658.666666667
"Humboldt-Poleward",2004,3,12,0.266666666666667,1239.66666666667
"Humboldt-Poleward",2004,4,3,4.11666666666667,19040.6666666667
"Humboldt-Poleward",2005,1,6,69.5233333333333,321343.666666667
"Humboldt-Poleward",2005,2,9,61.65,284960.333333333
"Humboldt-Poleward",2005,3,12,1.37666666666667,6367.66666666667
"Humboldt-Poleward",2005,4,3,15.8733333333333,73366.3333333333
"Humboldt-Poleward",2006,1,6,54.1833333333333,250456.333333333
"Humboldt-Poleward",2006,2,9,49.4033333333333,228361.666666667
"Humboldt-Poleward",2006,3,12,2.36,10898
"Humboldt-Poleward",2006,4,3,14.2933333333333,66064
"Humboldt-Poleward",2007,1,6,90.7166666666667,419313
"Humboldt-Poleward",2007,2,9,81.21,375355
"Humboldt-Poleward",2007,3,12,6.66666666666667,30817.6666666667
"Humboldt-Poleward",2007,4,3,19.15,88509
"Humboldt-Poleward",2008,1,6,71.97,332652.666666667
"Humboldt-Poleward",2008,2,9,51.0033333333333,235743
"Humboldt-Poleward",2008,3,12,0.27,1246.66666666667
"Humboldt-Poleward",2008,4,3,14.2366666666667,65808.6666666667
"Humboldt-Poleward",2009,1,6,68.8,318004
"Humboldt-Poleward",2009,2,9,75.4666666666667,348822
"Humboldt-Poleward",2009,3,12,10.1766666666667,47038.6666666667
"Humboldt-Poleward",2009,4,3,7.73,35718.6666666667
"Humboldt-Poleward",2010,1,6,85.9233333333333,397155
"Humboldt-Poleward",2010,2,9,75.1133333333333,347185.666666667
"Humboldt-Poleward",2010,3,12,6.98,32267.6666666667
"Humboldt-Poleward",2010,4,3,15.3866666666667,71132
"Humboldt-Poleward",2011,1,6,80.7466666666667,373215.333333333
"Humboldt-Poleward",2011,2,9,66.14,305703.666666667
"Humboldt-Poleward",2011,3,12,2.59666666666667,12001.6666666667
"Humboldt-Poleward",2011,4,3,14.9333333333333,69034.3333333333
"Humboldt-Poleward",2012,1,6,70.0066666666667,323589.333333333
"Humboldt-Poleward",2012,2,9,65.23,301517
"Humboldt-Poleward",2012,3,12,3.84666666666667,17787.3333333333
"Humboldt-Poleward",2012,4,3,13.14,60724
"Humboldt-Poleward",2013,1,6,80.4,371633
"Humboldt-Poleward",2013,2,9,78.9666666666667,364998
"Humboldt-Poleward",2013,3,12,3.94,18212.6666666667
"Humboldt-Poleward",2013,4,3,8.23333333333333,38050.3333333333
"Humboldt-Poleward",2014,1,6,78.7966666666667,364207.666666667
"Humboldt-Poleward",2014,2,9,58.1866666666667,268954.333333333
"Humboldt-Poleward",2014,3,12,4.09,18915.3333333333
"Humboldt-Poleward",2014,4,3,22.1133333333333,102205
"Humboldt-Poleward",2015,1,6,58.43,270064
"Humboldt-Poleward",2015,2,9,52.2766666666667,241624.333333333
"Humboldt-Poleward",2015,3,12,3.60666666666667,16674
"Humboldt-Poleward",2015,4,3,1.72333333333333,7964.33333333333
"Humboldt-Poleward",2016,1,6,63.9633333333333,295658.333333333
"Humboldt-Poleward",2016,2,9,53.8466666666667,248894.333333333
"Humboldt-Poleward",2016,3,12,0.226666666666667,1048.33333333333
"Humboldt-Poleward",2016,4,3,8.19666666666667,37888
"Humboldt-Poleward",2017,1,6,57.96,267914
"Humboldt-Poleward",2017,2,9,69.3366666666667,320474.333333333
"Humboldt-Poleward",2017,3,12,5.51,25463.6666666667
"Humboldt-Poleward",2017,4,3,1.20333333333333,5572.66666666667
"Humboldt-Poleward",2018,1,6,81.7033333333333,377649.333333333
"Humboldt-Poleward",2018,2,9,65.79,304095.666666667
"Humboldt-Poleward",2018,3,12,2.46,11369.6666666667
"Humboldt-Poleward",2018,4,3,9.03666666666667,41775.3333333333
"Humboldt-Poleward",2019,1,6,77.62,358777
"Humboldt-Poleward",2019,2,9,68.46,316431.666666667
"Humboldt-Poleward",2019,3,12,4.12,19040.3333333333
"Humboldt-Poleward",2019,4,3,19.1866666666667,88692.6666666667
"Humboldt-Poleward",2020,1,6,63.62,294051.666666667
"Humboldt-Poleward",2020,2,9,74.9966666666667,346657.666666667
"Humboldt-Poleward",2020,3,12,5.92333333333333,27383.3333333333
"Humboldt-Poleward",2020,4,3,2.63,12154.6666666667
"Humboldt-Poleward",2021,1,6,68.8166666666667,318083.333333333
"Humboldt-Poleward",2021,2,9,77.4066666666667,357778
"Humboldt-Poleward",2021,3,12,7.15,33044.3333333333
"Humboldt-Poleward",2021,4,3,6.02,27827.3333333333
"Humboldt-Poleward",2022,3,12,0.65,3006.5
"Humboldt-Poleward",2022,4,3,23.9833333333333,110847.666666667
"Iberian/Canary-Central",2002,1,6,13.6766666666667,47735
"Iberian/Canary-Central",2002,2,9,0.01,39.3333333333333
"Iberian/Canary-Central",2002,3,12,8.67,30267
"Iberian/Canary-Central",2003,1,6,3.08,10748.6666666667
"Iberian/Canary-Central",2003,2,9,0.27,948
"Iberian/Canary-Central",2003,3,12,44.6133333333333,155704
"Iberian/Canary-Central",2003,4,3,50.0733333333333,174753.666666667
"Iberian/Canary-Central",2004,1,6,2.29666666666667,8009.66666666667
"Iberian/Canary-Central",2004,2,9,0.423333333333333,1480.33333333333
"Iberian/Canary-Central",2004,3,12,42.2266666666667,147374.333333333
"Iberian/Canary-Central",2004,4,3,56.5666666666667,197410.666666667
"Iberian/Canary-Central",2005,1,6,0,0
"Iberian/Canary-Central",2005,2,9,0.876666666666667,3062.66666666667
"Iberian/Canary-Central",2005,3,12,59.1733333333333,206525.666666667
"Iberian/Canary-Central",2005,4,3,52.2933333333333,182495
"Iberian/Canary-Central",2006,1,6,2.74,9563.66666666667
"Iberian/Canary-Central",2006,2,9,0,0
"Iberian/Canary-Central",2006,3,12,47.6333333333333,166241.666666667
"Iberian/Canary-Central",2006,4,3,53.97,188358.666666667
"Iberian/Canary-Central",2007,1,6,2.39333333333333,8352.33333333333
"Iberian/Canary-Central",2007,2,9,1.38666666666667,4843
"Iberian/Canary-Central",2007,3,12,49.7033333333333,173475.333333333
"Iberian/Canary-Central",2007,4,3,63.7833333333333,222602.666666667
"Iberian/Canary-Central",2008,1,6,2.37333333333333,8287.66666666667
"Iberian/Canary-Central",2008,2,9,7.05,24610.6666666667
"Iberian/Canary-Central",2008,3,12,56.15,195952.666666667
"Iberian/Canary-Central",2008,4,3,45.2033333333333,157750.666666667
"Iberian/Canary-Central",2009,1,6,0.886666666666667,3098
"Iberian/Canary-Central",2009,2,9,0.9,3139
"Iberian/Canary-Central",2009,3,12,53.8466666666667,187922
"Iberian/Canary-Central",2009,4,3,69.1666666666667,241396.666666667
"Iberian/Canary-Central",2010,1,6,2.17,7572
"Iberian/Canary-Central",2010,2,9,0.69,2413.33333333333
"Iberian/Canary-Central",2010,3,12,14.4,50246.6666666667
"Iberian/Canary-Central",2010,4,3,24.9466666666667,87059.6666666667
"Iberian/Canary-Central",2011,1,6,0.513333333333333,1791.33333333333
"Iberian/Canary-Central",2011,2,9,1.73,6043
"Iberian/Canary-Central",2011,3,12,31.4233333333333,109668.333333333
"Iberian/Canary-Central",2011,4,3,36.2066666666667,126359.666666667
"Iberian/Canary-Central",2012,1,6,6.35333333333333,22173
"Iberian/Canary-Central",2012,2,9,0,0
"Iberian/Canary-Central",2012,3,12,62.65,218643.666666667
"Iberian/Canary-Central",2012,4,3,65.2866666666667,227853
"Iberian/Canary-Central",2013,1,6,8.16666666666667,28501.6666666667
"Iberian/Canary-Central",2013,2,9,3.49666666666667,12197.6666666667
"Iberian/Canary-Central",2013,3,12,57.79,201681.666666667
"Iberian/Canary-Central",2013,4,3,42.13,147032
"Iberian/Canary-Central",2014,1,6,5.62,19617
"Iberian/Canary-Central",2014,2,9,0.496666666666667,1736.33333333333
"Iberian/Canary-Central",2014,3,12,61.4,214280.666666667
"Iberian/Canary-Central",2014,4,3,66.88,233416
"Iberian/Canary-Central",2015,1,6,3.18333333333333,11114
"Iberian/Canary-Central",2015,2,9,0.196666666666667,692
"Iberian/Canary-Central",2015,3,12,64.2366666666667,224190
"Iberian/Canary-Central",2015,4,3,78.73,274774
"Iberian/Canary-Central",2016,1,6,5.41666666666667,18894
"Iberian/Canary-Central",2016,2,9,0.663333333333333,2323.33333333333
"Iberian/Canary-Central",2016,3,12,31.9266666666667,111423.666666667
"Iberian/Canary-Central",2016,4,3,65.0166666666667,226911.333333333
"Iberian/Canary-Central",2017,1,6,0.796666666666667,2781
"Iberian/Canary-Central",2017,2,9,1.73666666666667,6063.66666666667
"Iberian/Canary-Central",2017,3,12,53.34,186159.666666667
"Iberian/Canary-Central",2017,4,3,40.35,140820.666666667
"Iberian/Canary-Central",2018,1,6,9.50666666666667,33187.6666666667
"Iberian/Canary-Central",2018,2,9,2.23,7775.66666666667
"Iberian/Canary-Central",2018,3,12,61.78,215613
"Iberian/Canary-Central",2018,4,3,69.0733333333333,241065.666666667
"Iberian/Canary-Central",2019,1,6,4.75,16581.3333333333
"Iberian/Canary-Central",2019,2,9,7.81333333333333,27273.6666666667
"Iberian/Canary-Central",2019,3,12,54.9633333333333,191824.666666667
"Iberian/Canary-Central",2019,4,3,59.4533333333333,207499
"Iberian/Canary-Central",2020,1,6,0.91,3170.66666666667
"Iberian/Canary-Central",2020,2,9,2.57666666666667,8990
"Iberian/Canary-Central",2020,3,12,55.5266666666667,193784
"Iberian/Canary-Central",2020,4,3,41.0966666666667,143423.333333333
"Iberian/Canary-Central",2021,1,6,8.1,28271
"Iberian/Canary-Central",2021,2,9,3.55333333333333,12400.6666666667
"Iberian/Canary-Central",2021,3,12,47.3633333333333,165300
"Iberian/Canary-Central",2021,4,3,44.24,154389
"Iberian/Canary-Central",2022,3,12,55.135,192417
"Iberian/Canary-Central",2022,4,3,52.3566666666667,182722.666666667
"Iberian/Canary-Equatorward",2002,1,6,35.88,64529
"Iberian/Canary-Equatorward",2002,2,9,7.71666666666667,13882.6666666667
"Iberian/Canary-Equatorward",2002,3,12,38.19,68689
"Iberian/Canary-Equatorward",2003,1,6,25.6933333333333,46212
"Iberian/Canary-Equatorward",2003,2,9,6.78666666666667,12202.6666666667
"Iberian/Canary-Equatorward",2003,3,12,76.7433333333333,138023.666666667
"Iberian/Canary-Equatorward",2003,4,3,96.6566666666667,173837.666666667
"Iberian/Canary-Equatorward",2004,1,6,25.3733333333333,45633.3333333333
"Iberian/Canary-Equatorward",2004,2,9,4.39333333333333,7902.33333333333
"Iberian/Canary-Equatorward",2004,3,12,67.95,122207.333333333
"Iberian/Canary-Equatorward",2004,4,3,99.9333333333333,179726
"Iberian/Canary-Equatorward",2005,1,6,12.2733333333333,22074
"Iberian/Canary-Equatorward",2005,2,9,3.66333333333333,6586.33333333333
"Iberian/Canary-Equatorward",2005,3,12,66.8533333333333,120236.666666667
"Iberian/Canary-Equatorward",2005,4,3,84.1633333333333,151362.666666667
"Iberian/Canary-Equatorward",2006,1,6,23.28,41866.3333333333
"Iberian/Canary-Equatorward",2006,2,9,1.29666666666667,2334
"Iberian/Canary-Equatorward",2006,3,12,73.7133333333333,132569
"Iberian/Canary-Equatorward",2006,4,3,97.5766666666667,175490.666666667
"Iberian/Canary-Equatorward",2007,1,6,38.14,68595
"Iberian/Canary-Equatorward",2007,2,9,9.75666666666667,17547.6666666667
"Iberian/Canary-Equatorward",2007,3,12,82.9133333333333,149114
"Iberian/Canary-Equatorward",2007,4,3,98.4533333333333,177064
"Iberian/Canary-Equatorward",2008,1,6,20.6233333333333,37087.3333333333
"Iberian/Canary-Equatorward",2008,2,9,9.55333333333333,17184.3333333333
"Iberian/Canary-Equatorward",2008,3,12,79.6033333333333,143165.666666667
"Iberian/Canary-Equatorward",2008,4,3,83.67,150485.666666667
"Iberian/Canary-Equatorward",2009,1,6,23.9133333333333,43007.6666666667
"Iberian/Canary-Equatorward",2009,2,9,3.52,6330
"Iberian/Canary-Equatorward",2009,3,12,72.5466666666667,130472.666666667
"Iberian/Canary-Equatorward",2009,4,3,99.15,178320.666666667
"Iberian/Canary-Equatorward",2010,1,6,16.97,30520.6666666667
"Iberian/Canary-Equatorward",2010,2,9,1.89666666666667,3412.33333333333
"Iberian/Canary-Equatorward",2010,3,12,41.6733333333333,74950
"Iberian/Canary-Equatorward",2010,4,3,74.6466666666667,134245.666666667
"Iberian/Canary-Equatorward",2011,1,6,20.7066666666667,37237.3333333333
"Iberian/Canary-Equatorward",2011,2,9,8.50333333333333,15290.3333333333
"Iberian/Canary-Equatorward",2011,3,12,52.3466666666667,94141.3333333333
"Iberian/Canary-Equatorward",2011,4,3,98.2366666666667,176676
"Iberian/Canary-Equatorward",2012,1,6,25.0066666666667,44968.3333333333
"Iberian/Canary-Equatorward",2012,2,9,6.10666666666667,10983.3333333333
"Iberian/Canary-Equatorward",2012,3,12,84.2933333333333,151598.333333333
"Iberian/Canary-Equatorward",2012,4,3,99.5466666666667,179032.333333333
"Iberian/Canary-Equatorward",2013,1,6,22.2166666666667,39960.6666666667
"Iberian/Canary-Equatorward",2013,2,9,7.33666666666667,13193.6666666667
"Iberian/Canary-Equatorward",2013,3,12,80.2133333333333,144263.333333333
"Iberian/Canary-Equatorward",2013,4,3,90.2233333333333,162264.666666667
"Iberian/Canary-Equatorward",2014,1,6,28.94,52043
"Iberian/Canary-Equatorward",2014,2,9,7.60333333333333,13675
"Iberian/Canary-Equatorward",2014,3,12,81.0433333333333,145755
"Iberian/Canary-Equatorward",2014,4,3,96.8933333333333,174258
"Iberian/Canary-Equatorward",2015,1,6,21.0666666666667,37884
"Iberian/Canary-Equatorward",2015,2,9,2.20333333333333,3961
"Iberian/Canary-Equatorward",2015,3,12,75.9066666666667,136518
"Iberian/Canary-Equatorward",2015,4,3,90.23,162277.333333333
"Iberian/Canary-Equatorward",2016,1,6,31.8233333333333,57230
"Iberian/Canary-Equatorward",2016,2,9,6.15,11060
"Iberian/Canary-Equatorward",2016,3,12,53.2866666666667,95832
"Iberian/Canary-Equatorward",2016,4,3,98.5033333333333,177154
"Iberian/Canary-Equatorward",2017,1,6,17.72,31865.6666666667
"Iberian/Canary-Equatorward",2017,2,9,5.14666666666667,9260
"Iberian/Canary-Equatorward",2017,3,12,75.15,135155.333333333
"Iberian/Canary-Equatorward",2017,4,3,96.19,172994.333333333
"Iberian/Canary-Equatorward",2018,1,6,33.9066666666667,60979.6666666667
"Iberian/Canary-Equatorward",2018,2,9,15.7766666666667,28372
"Iberian/Canary-Equatorward",2018,3,12,88.0933333333333,158435
"Iberian/Canary-Equatorward",2018,4,3,100,179848
"Iberian/Canary-Equatorward",2019,1,6,37.9266666666667,68213
"Iberian/Canary-Equatorward",2019,2,9,9.71666666666667,17476
"Iberian/Canary-Equatorward",2019,3,12,77.36,139132
"Iberian/Canary-Equatorward",2019,4,3,96.4733333333333,173507.333333333
"Iberian/Canary-Equatorward",2020,1,6,16.3933333333333,29484
"Iberian/Canary-Equatorward",2020,2,9,3.36666666666667,6051
"Iberian/Canary-Equatorward",2020,3,12,58.34,104927
"Iberian/Canary-Equatorward",2020,4,3,78.6633333333333,141478.666666667
"Iberian/Canary-Equatorward",2021,1,6,25.97,46706.3333333333
"Iberian/Canary-Equatorward",2021,2,9,7.52333333333333,13535.6666666667
"Iberian/Canary-Equatorward",2021,3,12,74.1133333333333,133292
"Iberian/Canary-Equatorward",2021,4,3,99.4033333333333,178773
"Iberian/Canary-Equatorward",2022,3,12,66.77,120086
"Iberian/Canary-Equatorward",2022,4,3,90.84,163375.666666667
"Iberian/Canary-Poleward",2002,1,6,10.2,22277
"Iberian/Canary-Poleward",2002,2,9,3.28333333333333,7168.33333333333
"Iberian/Canary-Poleward",2002,3,12,67.12,146596
"Iberian/Canary-Poleward",2003,1,6,0,0
"Iberian/Canary-Poleward",2003,2,9,12.7033333333333,27748.3333333333
"Iberian/Canary-Poleward",2003,3,12,92.5933333333333,202226.666666667
"Iberian/Canary-Poleward",2003,4,3,83.1466666666667,181599.333333333
"Iberian/Canary-Poleward",2004,1,6,0.463333333333333,1015
"Iberian/Canary-Poleward",2004,2,9,10.2933333333333,22478.3333333333
"Iberian/Canary-Poleward",2004,3,12,90.5066666666667,197673
"Iberian/Canary-Poleward",2004,4,3,90.0233333333333,196616.666666667
"Iberian/Canary-Poleward",2005,1,6,0.0433333333333333,94.6666666666667
"Iberian/Canary-Poleward",2005,2,9,3.67,8021.66666666667
"Iberian/Canary-Poleward",2005,3,12,90.27,197148.333333333
"Iberian/Canary-Poleward",2005,4,3,74.66,163056.333333333
"Iberian/Canary-Poleward",2006,1,6,0.3,656
"Iberian/Canary-Poleward",2006,2,9,0,0
"Iberian/Canary-Poleward",2006,3,12,81.77,178591
"Iberian/Canary-Poleward",2006,4,3,77.3933333333333,169031.666666667
"Iberian/Canary-Poleward",2007,1,6,1.83666666666667,4009.33333333333
"Iberian/Canary-Poleward",2007,2,9,6.65333333333333,14535.3333333333
"Iberian/Canary-Poleward",2007,3,12,82.7966666666667,180831
"Iberian/Canary-Poleward",2007,4,3,90.2266666666667,197057.666666667
"Iberian/Canary-Poleward",2008,1,6,0.67,1463.66666666667
"Iberian/Canary-Poleward",2008,2,9,16.2033333333333,35393
"Iberian/Canary-Poleward",2008,3,12,93.3233333333333,203821
"Iberian/Canary-Poleward",2008,4,3,77.2333333333333,168684
"Iberian/Canary-Poleward",2009,1,6,0.82,1794
"Iberian/Canary-Poleward",2009,2,9,5.45333333333333,11911.3333333333
"Iberian/Canary-Poleward",2009,3,12,85.02,185691
"Iberian/Canary-Poleward",2009,4,3,91.1866666666667,199158
"Iberian/Canary-Poleward",2010,1,6,1.41,3082
"Iberian/Canary-Poleward",2010,2,9,8.71333333333333,19029.3333333333
"Iberian/Canary-Poleward",2010,3,12,86.5866666666667,189115.333333333
"Iberian/Canary-Poleward",2010,4,3,73.14,159746.666666667
"Iberian/Canary-Poleward",2011,1,6,1,2186.66666666667
"Iberian/Canary-Poleward",2011,2,9,1.93666666666667,4224.33333333333
"Iberian/Canary-Poleward",2011,3,12,79.5566666666667,173755.666666667
"Iberian/Canary-Poleward",2011,4,3,66.2433333333333,144673.666666667
"Iberian/Canary-Poleward",2012,1,6,0.15,330.666666666667
"Iberian/Canary-Poleward",2012,2,9,7.13,15572
"Iberian/Canary-Poleward",2012,3,12,87.21,190470
"Iberian/Canary-Poleward",2012,4,3,85.6966666666667,187168.333333333
"Iberian/Canary-Poleward",2013,1,6,18.0733333333333,39471
"Iberian/Canary-Poleward",2013,2,9,2.49,5435.33333333333
"Iberian/Canary-Poleward",2013,3,12,88.5333333333333,193360.666666667
"Iberian/Canary-Poleward",2013,4,3,94.24,205822.333333333
"Iberian/Canary-Poleward",2014,1,6,0.65,1416
"Iberian/Canary-Poleward",2014,2,9,0.333333333333333,725.666666666667
"Iberian/Canary-Poleward",2014,3,12,87.7333333333333,191613
"Iberian/Canary-Poleward",2014,4,3,78.15,170680.333333333
"Iberian/Canary-Poleward",2015,1,6,3.89,8495.33333333333
"Iberian/Canary-Poleward",2015,2,9,3.88333333333333,8482.66666666667
"Iberian/Canary-Poleward",2015,3,12,78.1033333333333,170583
"Iberian/Canary-Poleward",2015,4,3,87.6866666666667,191514
"Iberian/Canary-Poleward",2016,1,6,0.8,1747
"Iberian/Canary-Poleward",2016,2,9,4.68333333333333,10224
"Iberian/Canary-Poleward",2016,3,12,70.8,154625
"Iberian/Canary-Poleward",2016,4,3,93.3366666666667,203848.666666667
"Iberian/Canary-Poleward",2017,1,6,0,0
"Iberian/Canary-Poleward",2017,2,9,4.48666666666667,9804
"Iberian/Canary-Poleward",2017,3,12,81.89,178849
"Iberian/Canary-Poleward",2017,4,3,70.52,154017.333333333
"Iberian/Canary-Poleward",2018,1,6,4.31333333333333,9422.33333333333
"Iberian/Canary-Poleward",2018,2,9,18.01,39332
"Iberian/Canary-Poleward",2018,3,12,88.1466666666667,192519
"Iberian/Canary-Poleward",2018,4,3,97.9966666666667,214028.666666667
"Iberian/Canary-Poleward",2019,1,6,1.01666666666667,2222.66666666667
"Iberian/Canary-Poleward",2019,2,9,13.04,28472
"Iberian/Canary-Poleward",2019,3,12,87.0033333333333,190018.333333333
"Iberian/Canary-Poleward",2019,4,3,84.4933333333333,184534.333333333
"Iberian/Canary-Poleward",2020,1,6,0.963333333333333,2101
"Iberian/Canary-Poleward",2020,2,9,4.82,10524.6666666667
"Iberian/Canary-Poleward",2020,3,12,78.1133333333333,170604.333333333
"Iberian/Canary-Poleward",2020,4,3,70.61,154218
"Iberian/Canary-Poleward",2021,1,6,3.29,7184
"Iberian/Canary-Poleward",2021,2,9,3.59,7843
"Iberian/Canary-Poleward",2021,3,12,89.19,194793.666666667
"Iberian/Canary-Poleward",2021,4,3,70.77,154563
"Iberian/Canary-Poleward",2022,3,12,87.22,190492.5
"Iberian/Canary-Poleward",2022,4,3,76.38,166817.666666667
